claim_id,claim_statement,claim_type,journey_stage,supporting_source_ids,counter_source_ids,claude_claim_ids,codex_claim_ids,claude_confidence,codex_confidence,final_confidence,status,adjudication_note
F-CLM-0001,"카카오페이증권은 '자산 규모가 적거나 경험이 부족한 사용자'를 공식적으로 명시한 타깃으로 삼고 있으며, 개별 기능 보도자료(스탑로스 등)에서도 '금융 서비스 경험이 부족한 사용자'를 반복 언급한다",F,공통,C-SRC-0100;C-SRC-0102;C-SRC-0114;X-SRC-0101;X-SRC-0102;X-SRC-0117,,C-CLM-0100,X-CLM-0010,H,H,H,채택,X-CLM-0010 독립 수렴(회사 방향 동일 확인)
F-CLM-0002,"2026년 3월 신호철 대표 연임과 함께 'AI 네이티브 전환'과 '사용자 경험 혁신'이 2기 경영의 공식 의제로 선언되었고, 3대 과제는 AI 기반 투자 정보·커뮤니티 활성화·프로모드이다",F,공통,C-SRC-0111;C-SRC-0115;X-SRC-0103;X-SRC-0104;X-SRC-0105;X-SRC-0111;X-SRC-0112;X-SRC-0115,,C-CLM-0101,X-CLM-0011,H,H,H,채택,X-CLM-0011 수렴(동일 발표 출처 — 독립 상향 아님)
F-CLM-0003,"카카오페이증권은 2025년 4월 '어땠지(시장 요약)·왜지(급등락 이유 요약)·어쩌지(차트 분석 기반 의사결정 지원)' 3단계 투자 정보 모델을 공표했고, 내부 AI 모델로 운영 중이며 금융위 혁신금융서비스(샌드박스)를 신청했다",F,탐색·매수·매도,C-SRC-0112,,C-CLM-0102,,H,,H,채택,Claude 단독 — Codex 대장 무대응(WS8 QA 통과 확신도 유지)
F-CLM-0004,"2026년 7월 8일 AI 어닝콜 실시간 번역·요약 서비스를 정식 출시했다. PIP로 시청 중 매매가 가능하고 AI 구간 요약마다 어닝콜 시작 대비 주가 등락률을 표시하며, 미국 시총 상위 500종목에서 1,000종목으로 확대 예정이다",F,보유·매도,C-SRC-0106;C-SRC-0104,,C-CLM-0103,,H,,H,채택,Claude 단독 — Codex 대장 무대응(WS8 QA 통과 확신도 유지)
F-CLM-0005,"수수료 체계: 국내주식 온라인 0.015%(KRX)/0.014%(NXT), 해외주식 온라인 0.1%(최소 $0.01), 환전 스프레드 1%, 신용융자 연 4.5~9.5%, 주식판매금 미리받기 연 9%",F,매수·매도,C-SRC-0130;C-SRC-0133;C-SRC-0136,,C-CLM-0104,,H,,H,채택,Claude 단독 — Codex 대장 무대응(WS8 QA 통과 확신도 유지)
F-CLM-0006,"주문장애 발생 시 보상을 받으려면 증거 확보(화면 캡처)와 비상주문(고객센터·ARS) 시도가 사실상 전제되며, 비상주문을 시도하지 않으면 보상 대상에서 제외될 수 있다",F,매수·매도,C-SRC-0141,,C-CLM-0105,,H,,H,채택,Claude 단독 — Codex 대장 무대응(WS8 QA 통과 확신도 유지)
F-CLM-0007,"2026년 6~7월에 코스피 서킷브레이커 1단계 발동 안내가 3회(06.26·07.07·07.13) 게시되었고, 06.30에는 앱 접속·서비스 지연 장애가 발생해 익일 정상화되었다",F,보유·매도,C-SRC-0121;C-SRC-0122,,C-CLM-0106,,H,,H,채택,Claude 단독 — Codex 대장 무대응(WS8 QA 통과 확신도 유지)
F-CLM-0008,"FAQ와 이용안내에는 국내주식 매도대금 출금 D+2영업일, KRX·NXT 구분과 SOR 자동 배분, 배당 기준일, 상품별 출금 가능일 등 시장·상품별 설명이 존재한다.",F,공통,C-SRC-0127;C-SRC-0135,,C-CLM-0107,,H,,H,채택,Claude 단독 — Codex 대장 무대응(WS8 QA 통과 확신도 유지); Codex 재검증: D+2를 모든 시장·상품에 일반화하지 않으며 주문 영향 미리보기에는 예상 체결시장·거래시간·거래소별 비용을 포함
F-CLM-0009,"규모 지표: 예탁자산 20조 원(2026-05-29), 커뮤니티 MAU 130만(2026-02), 카톡 채널 친구 100만(2026-06, 증권사 1위), 월간 거래자 100만 명(2025-07)",F,공통,C-SRC-0109;C-SRC-0115;C-SRC-0108;C-SRC-0105,,C-CLM-0108,,H,,H,채택,"X-CLM-0042(지표 혼동 금지) 적용 — 기준일 상이 지표 혼합 금지. Codex 확인 수치: 월간 거래 고객 140만(26.3, KIND 공시), 예탁자산 10조(26.1)"
F-CLM-0010,"RIA(국내시장 복귀계좌)는 출시 45일 만에 5만 계좌로 업계 전체의 약 1/4을 차지했고, ISA는 두 달 만에 10만 계좌, 연금저축은 50만 계좌를 돌파했다",F,재진입,C-SRC-0110;C-SRC-0105;C-SRC-0124,,C-CLM-0109,,H,,H,채택,Claude 단독 — Codex 대장 무대응(WS8 QA 통과 확신도 유지)
F-CLM-0011,채용 사이트에는 AI Native Engineering팀의 AI Agent 기획자·AI 엔지니어를 포함해 AI Agent 직군 공고가 4건 이상 게시되어 있다(전체 52건 중),F,공통,C-SRC-0143;X-SRC-0128;X-SRC-0129;X-SRC-0130;X-SRC-0131;X-SRC-0136;X-SRC-0137,,C-CLM-0110,X-CLM-0015,H,M,H,채택,X-CLM-0015 수렴(채용=AI 에이전트·HITL 중시 신호 해석 보강)
F-CLM-0012,초보자 대상 기능 자산이 매수·보유·매도 전 여정에 이미 존재한다: 주식 모으기(2년간 160만 명)·소수점 거래·차트주문·트레이딩뷰·스탑로스·시세감지주문·수익률 모으기·팔기·종목별 토론방·주식 선물하기,F,공통,C-SRC-0105;C-SRC-0100;C-SRC-0114;X-SRC-0102;X-SRC-0106;X-SRC-0107;X-SRC-0108;X-SRC-0109;X-SRC-0110;X-SRC-0113;X-SRC-0114;X-SRC-0115;X-SRC-0116;X-SRC-0117;X-SRC-0126;X-SRC-0127,,C-CLM-0111,X-CLM-0012,H,H,H,채택,X-CLM-0012 수렴(기능 목록 상호 보완)
F-CLM-0013,"자사 2024 투자 리포트 기준 미국장 투자자 72%가 수익을 낸 반면 한국장은 48%에 그쳤고, 20대가 전 연령 최저 수익(한국장 -1.4%)을 기록했다",F,공통,C-SRC-0113,,C-CLM-0112,,H,,H,채택,Claude 단독 — Codex 대장 무대응(WS8 QA 통과 확신도 유지)
F-CLM-0014,카카오페이증권은 커먼컴퓨터에 'AI 상담 어드바이저 구축' 업무를 위탁하고 있어 고객 상담 영역의 AI 도입이 진행 중이다,F,공통,C-SRC-0140,,C-CLM-0113,,M,,M,채택,Claude 단독 — Codex 대장 무대응(WS8 QA 통과 확신도 유지)
F-CLM-0015,"2026년 7월 투자매매업(증권) 인가를 획득해 IPO 주관·인수, 공모주 청약, 리테일 채권, 소수점 거래 확대의 법적 토대를 갖췄다",F,공통,C-SRC-0107;X-SRC-0102;X-SRC-0106;X-SRC-0107;X-SRC-0108;X-SRC-0109;X-SRC-0110;X-SRC-0113;X-SRC-0114;X-SRC-0115;X-SRC-0116;X-SRC-0117;X-SRC-0126;X-SRC-0127,,C-CLM-0114,X-CLM-0012,H,H,H,채택,X-CLM-0012 수렴(투자매매업 인가 포함)
F-CLM-0016,"KIND 1Q26 분기보고서에서 연결 영업수익 약 3,003억 원과 카카오페이증권 영업수익 약 1,001억 원, 당기순이익 약 236억 원을 확인했다. 예탁자산 +208% YoY는 2차 보도 수치여서 별도 원문 확인 전 보조 맥락으로만 사용한다.",F,공통,C-SRC-0147;C-SRC-0146;C-SRC-0145;C-SRC-0116;X-SRC-0103;X-SRC-0104;X-SRC-0105;X-SRC-0111;X-SRC-0112;X-SRC-0115,,C-CLM-0115,X-CLM-0011,M,H,M,채택,"WS9 판정 D-04(원문 재확인): KIND 1Q26 분기보고서(X-SRC-0104) 대조 — 연결 영업수익 3,003억·증권 영업수익 1,001억 확인. 단 '영업이익 236억'은 원문상 당기순이익 236억으로 정정. 예탁자산은 10조(26.1 달성)→20조(26.5 보도) 이정표 병존(기준일 구분 필수). +208% YoY는 언론 기준 유지(미대조); Codex 재검증: 236억 원은 영업이익이 아니라 당기순이익으로 정정; 미대조 성장률 때문에 최종 확신도 M"
F-CLM-0017,"카카오페이증권의 고객 대상 AI는 종목 추천·결론 제시형이 아니라 '정보 요약·구조화형'(어땠지·왜지·어쩌지, 어닝콜 요약)으로 설계되어 있으며, 매수·매도 판단 자체는 사용자에게 남긴다",I,매수·매도,C-SRC-0112;C-SRC-0106,,C-CLM-0116,,M,,M,채택,Claude 단독 — Codex 대장 무대응(WS8 QA 통과 확신도 유지)
F-CLM-0018,시장 급변동(서킷브레이커)과 앱 장애가 겹치는 고불안 순간에 초보 투자자는 '지금 팔아야 하나'의 판단 정체와 복잡한 보상 절차라는 이중 부담을 진다는 페인포인트 가설이 성립할 수 있다,H,보유·매도,C-SRC-0121;C-SRC-0141,,C-CLM-0117,,M,,M,채택,Claude 단독 — Codex 대장 무대응(WS8 QA 통과 확신도 유지)
F-CLM-0019,"해외주식 시세는 Nasdaq Basic 기반 실시간이나, 제공이 원활하지 않으면 예고 없이 15분 지연 시세로 전환될 수 있다",F,탐색·매수·매도,C-SRC-0131;X-SRC-0121,,C-CLM-0118,,H,,H,채택,Codex 시세 이용안내(X-SRC-0121) 동일 확인 — 15분 지연 전환 가능성 상호 확인
F-CLM-0020,예탁금 이용료는 30만원 이하 구간에 연 2.50%로 소액 보유자에게 상대적으로 유리하게 설계되어 있다(초과분 연 0.15%),F,진입·보유,C-SRC-0129,,C-CLM-0119,,H,,H,채택,Claude 단독 — Codex 대장 무대응(WS8 QA 통과 확신도 유지)
F-CLM-0021,이번 공개 웹 표본에서 확인한 카카오페이 기술 글은 내부 챗봇·관측성·인프라 사례가 중심이었다. 이것만으로 고객향 투자 AI가 없거나 아직 구축 단계라고 결론낼 수 없다.,I,공통,C-SRC-0148;C-SRC-0149;C-SRC-0118;C-SRC-0119,,C-CLM-0120,,M,,M,채택,Claude 단독 — Codex 대장 무대응(WS8 QA 통과 확신도 유지); Codex 재검증: 검색 표본에서의 미발견과 실제 부재를 구분
F-CLM-0022,"국내 신규 개인투자자는 기존투자자 대비 투자성과가 유의하게 낮다(2020.3~10 기준 거래비용 차감 후 수익률 신규 -1.2% vs 기존 +15.0%, 손실 시현 비중 신규 60% vs 기존 36%).",F,전반,C-SRC-0201;C-SRC-0203;X-SRC-0201;X-SRC-0213;X-SRC-0214,,C-CLM-0201,X-CLM-0004,H,H,H,채택,"X-CLM-0004 수렴(동일 KCMI 원천) — Codex 추가 세부: 비용 전 수익률 신규 5.9% vs 기존 18.8%, 시장 대비 초과수익률 -10.5%/-17.6%, 표본 204,004명 중 신규 29.6%, 신규의 77.4%가 1천만원 이하 계좌"
F-CLM-0023,"처분효과는 국내외 계좌자료에서 관찰된다. Odean의 PGR 0.148/PLR 0.098은 약 1.51배이고, 국내 KCMI의 보유 첫날 매도비율 41%/22%는 약 1.86배이므로 두 수치를 분리해 해석한다.",F,매도,C-SRC-0203;C-SRC-0213;X-SRC-0202;X-SRC-0211;X-SRC-0212,,C-CLM-0202,X-CLM-0005,H,H,H,채택,"X-CLM-0005 수렴 + KCMI 후속 연구 세부(평균 보유 9.67일·중앙값 3일, 보유 첫날 매도율 수익 41% vs 손실 22%, 신규 투자자 처분효과 더 강함); Codex 재검증: 미국 비율을 '약 2배'로 표현한 오류를 1.51배로 정정; soft 404 X-SRC-0210 제거"
F-CLM-0024,Odean 표본에서 매도한 이익 종목은 계속 보유한 손실 종목보다 이후 1년 평균 수익률이 3.4%p 높았다. 이는 표본의 사후 연관이며 개별 초보자의 손실 방치가 그만큼 손해를 유발한다는 인과 추정은 아니다.,F,매도;보유,C-SRC-0213;C-SRC-0212,,C-CLM-0203,,H,,H,채택,Claude 단독 — Codex 대장 무대응(WS8 QA 통과 확신도 유지); Codex 재검증: 관찰된 사후 성과 차이와 개인 인과효과를 구분
F-CLM-0025,"과도한 거래는 수익률을 낮춘다 — 미국 최다거래 가구 연 11.4% vs 시장 17.9%(1991~96), 국내 신규투자자도 거래회전율이 높고 성과가 저조하다.",F,전반,C-SRC-0214;C-SRC-0201,,C-CLM-0204,,H,,H,채택,Claude 단독 — Codex 대장 무대응(WS8 QA 통과 확신도 유지)
F-CLM-0026,행태적 편의(과잉확신·처분효과·복권형 선호·군집거래)는 신규투자자·저연령·소액투자자에게서 더 강하게 나타난다.,F,전반,C-SRC-0203;C-SRC-0201,,C-CLM-0205,,H,,H,채택,Claude 단독 — Codex 대장 무대응(WS8 QA 통과 확신도 유지)
F-CLM-0027,"손실 국면의 의사결정은 이득 국면과 비대칭적이다 — 참조점(매수가) 의존, 손실회피(손실이 이득보다 크게 체감), 손실 영역에서의 위험추구(반사효과).",F,보유;매도,C-SRC-0211;C-SRC-0212,,C-CLM-0206,,H,,H,채택,Claude 단독 — Codex 대장 무대응(WS8 QA 통과 확신도 유지)
F-CLM-0028,투자자는 과거 손실을 보고 매도했던 종목과 매도 후 가격이 오른 종목의 재매수를 회피한다(후회 회피에 의한 재진입 판단 왜곡).,F,재진입,C-SRC-0215,,C-CLM-0207,,M,,M,채택,Claude 단독 — Codex 대장 무대응(WS8 QA 통과 확신도 유지)
F-CLM-0029,"개인투자자 저변이 사상 최대 수준으로 확대 — 주식거래활동계좌 1억877만좌(2026-06-24 기준, 2025년 말 9,828만좌 대비 +1,049만좌), 투자자예탁금 83조9,419억원(2025-12-12 기준).",F,전반,C-SRC-0207;C-SRC-0209;C-SRC-0210,,C-CLM-0208,,M,,M,채택,Claude 단독 — Codex 대장 무대응(WS8 QA 통과 확신도 유지)
F-CLM-0030,"20대의 금융이해력은 취약하며 특히 금융행위 부문이 낮다(성인 전체 65.7점, 20대·70대·저소득·고졸 미만 취약 — 2024 조사).",F,탐색;매수,C-SRC-0204;C-SRC-0205;X-SRC-0204;X-SRC-0205;X-SRC-0206,,C-CLM-0209,X-CLM-0006,H,M,H,채택,"X-CLM-0006 이종 출처 수렴 — 한국금융소비자보호재단 2025 펀드투자자 조사(X-SRC-0204): 설명서 통독 안 함 69.3%/66.4%, 객관지식 정답률 51.3%·20대 44.2%. 서로 다른 조사에서 동일 방향"
F-CLM-0031,"신규 진입은 청년층이 주도하는 경향 — 2020년 신규계좌의 50% 이상이 2030세대, 2026년 상반기에도 2030 신규계좌·잔고가 급증.",F,탐색;매수,C-SRC-0206;C-SRC-0216,,C-CLM-0210,,M,,M,채택,Claude 단독 — Codex 대장 무대응(WS8 QA 통과 확신도 유지)
F-CLM-0032,급등주 추격매수는 평균적으로 손실로 이어진다 — 매수 전 40일 +25.8% 오른 종목을 매수하나 매수 후 40일 누적초과수익률은 -3.1%.,F,매수;재진입,C-SRC-0202;C-SRC-0203,,C-CLM-0211,,H,,H,채택,Claude 단독 — Codex 대장 무대응(WS8 QA 통과 확신도 유지)
F-CLM-0033,초보 투자자는 연령·자산만으로 정하지 않고 진입기간·실전 주문경험·객관지식·자기효능감·행동취약성을 분리한 다차원 제품 가설로 식별한다.,D,전반,C-SRC-0201;C-SRC-0203;C-SRC-0204;C-SRC-0217;X-SRC-0201;X-SRC-0204;X-SRC-0206;X-SRC-0207;X-SRC-0209;X-SRC-0214;X-SRC-0215;X-SRC-0216,,C-CLM-0212,X-CLM-0002,H,M,M,채택,X-CLM-0002(다차원 조작적 정의)·X-CLM-0040(연령·자산 단독 기준 기각) 독립 수렴 — 축 구성 차이(Claude 6축 vs Codex 4축+행동취약)는 합산본 2장에서 병합; Codex 재검증: 축의 방향은 수렴하지만 구성개념과 절단값은 내부 고객 데이터로 검증되지 않음
F-CLM-0034,금융당국·업계도 개인투자자 확대에 따른 투자판단 역량·자기보호 역량 부족을 공식 정책과제로 인식하고 있다.,I,전반,C-SRC-0205;C-SRC-0206,,C-CLM-0213,,H,,H,채택,Claude 단독 — Codex 대장 무대응(WS8 QA 통과 확신도 유지)
F-CLM-0035,"첫 매수 준비형은 신규 유입·금융이해력·추격매수 위험을 근거로 우선 검증할 수 있는 제품 가설이며, 실제 고객 규모와 발생률은 미확인이다.",H,매수,C-SRC-0209;C-SRC-0204;C-SRC-0206;C-SRC-0202,,C-CLM-0214,,H,,M,채택,Codex §2.3 '첫 매수 준비형 포함(근거 중)' 판정과 수렴; Codex 재검증: 검증 완료 세그먼트가 아닌 우선 검증 가설로 하향
F-CLM-0036,보유 중 손실·변동성으로 판단이 막힌 저경험·저자기효능 사용자는 우선 검증 세그먼트다. 계좌행동은 손실 상태를 보여주지만 불안의 원인·유병률은 직접 입증하지 않는다.,H,보유,C-SRC-0211;C-SRC-0201;C-SRC-0202;X-SRC-0002;X-SRC-0202;X-SRC-03022;X-SRC-03066,,C-CLM-0215,X-CLM-0044,H,M,M,채택,X-CLM-0044 독립 수렴 — 양측 모두 손실 보유 국면을 핵심으로 지목; Codex 재검증: 핵심 타깃을 검증된 고객군이 아닌 강한 제품 가설로 한정
F-CLM-0037,매도 판단 막막형은 처분효과와 공개 VOC가 뒷받침하는 우선 검증 가설이다. 행동 자료만으로 막막함의 심리 원인이나 고객 비율을 확정할 수 없다.,H,매도,C-SRC-0213;C-SRC-0203;C-SRC-0212;C-SRC-0214;X-SRC-0002;X-SRC-0202;X-SRC-03022;X-SRC-03066,,C-CLM-0216,X-CLM-0044,H,M,M,채택,X-CLM-0044 독립 수렴 — 매도 판단 막막형을 양측 모두 핵심 세그먼트로 판정; Codex 재검증: 행동 관찰과 심리 원인 진단을 분리
F-CLM-0038,세그먼트 가설 '매도 후 재진입형'은 부분 지지 — 재매수 회피·왜곡(미국 A급 원논문 1건)과 재진입 시 추격매수 위험(국내)은 확인되나 국내 직접 실증은 미확보.,H,재진입,C-SRC-0215;C-SRC-0202,,C-CLM-0217,,M,,M,채택,WS9 판정(쟁점 해소): Codex §2.3 독립 판정 '매도 후 재진입형=백로그(국내 직접 근거 부족)'와 일치 — '후순위(백로그) 확정'으로 해소. 근거 부족이라는 판정 자체는 양측 독립 일치
F-CLM-0039,"카카오페이증권과 토스증권은 별도 증권 전용 소비자 앱 없이 각각 카카오페이·토스 슈퍼앱 내 탭으로 제공되며, 따라서 앱 리뷰 VOC는 슈퍼앱 리뷰에서 증권 관련 리뷰를 필터링해야 수집 가능하다",F,전반,C-SRC-0300;C-SRC-0301;C-SRC-0302;C-SRC-0303;C-SRC-0304,,C-CLM-0300,,H,,H,채택,Claude 단독 — Codex 대장 무대응(WS8 QA 통과 확신도 유지)
F-CLM-0040,"수집 표본(카카오페이 81건) 내 최다 테마는 주문·체결 UX 문제(C2)와 정보 부족·표시 미흡(C4) 각 18건, 이어 용어·구조 이해 어려움(C6) 15건, 앱 안정성·장애(C1) 14건이다(복수 태그)",F,전반,C-SRC-0300;C-SRC-0301;X-SRC-03001;X-SRC-03002;X-SRC-03003;X-SRC-03004;X-SRC-03005;X-SRC-03006;X-SRC-03007;X-SRC-03008;X-SRC-03009;X-SRC-03010;X-SRC-03011;X-SRC-03012;X-SRC-03013;X-SRC-03014;X-SRC-03015;X-SRC-03016;X-SRC-03017;X-SRC-03018;X-SRC-03019;X-SRC-03020;X-SRC-03021;X-SRC-03022;X-SRC-03023;X-SRC-03024;X-SRC-03025;X-SRC-03026;X-SRC-03027;X-SRC-03028;X-SRC-03029;X-SRC-03030;X-SRC-03031;X-SRC-03032;X-SRC-03033;X-SRC-03034;X-SRC-03035;X-SRC-03036;X-SRC-03037;X-SRC-03038;X-SRC-03039;X-SRC-03040;X-SRC-03041;X-SRC-03042;X-SRC-03043;X-SRC-03044;X-SRC-03045;X-SRC-03046;X-SRC-03047;X-SRC-03048;X-SRC-03049;X-SRC-03050;X-SRC-03051;X-SRC-03052;X-SRC-03053;X-SRC-03054;X-SRC-03055;X-SRC-03056;X-SRC-03057;X-SRC-03058;X-SRC-03059;X-SRC-03060;X-SRC-03061;X-SRC-03062;X-SRC-03064;X-SRC-03065;X-SRC-03066;X-SRC-03067;X-SRC-03068;X-SRC-03069;X-SRC-03070;X-SRC-03071;X-SRC-03072;X-SRC-03073;X-SRC-03074;X-SRC-03075;X-SRC-03076;X-SRC-03077;X-SRC-03078;X-SRC-03079;X-SRC-03080;X-SRC-03081;X-SRC-03082;X-SRC-03083;X-SRC-03084;X-SRC-03085;X-SRC-03086;X-SRC-03088;X-SRC-03089;X-SRC-03090;X-SRC-03091;X-SRC-03092;X-SRC-03093;X-SRC-03094;X-SRC-03095;X-SRC-03096;X-SRC-03097;X-SRC-03098;X-SRC-03099;X-SRC-03100;X-SRC-03101;X-SRC-03102;X-SRC-03103;X-SRC-03104;X-SRC-03105;X-SRC-03106;X-SRC-03107;X-SRC-03108;X-SRC-03109;X-SRC-03110;X-SRC-03111;X-SRC-03112;X-SRC-03113;X-SRC-03114;X-SRC-03115;X-SRC-03116;X-SRC-03117;X-SRC-03118;X-SRC-03119;X-SRC-03120,,C-CLM-0301,X-CLM-0007,H,M,M,채택,X-CLM-0007 독립 표본(정제 118건) 수렴 — 테마 방향 일치(정보설명·주문실행·정산·탐색·장애). 별도 수집 표본에서 동일 신호; Codex 재검증: Codex VOC의 human_* 값은 자동 태그를 기본 복사한 값이므로 독립 인적 검수로 사용하지 않음; 표본 내 기계 집계로만 해석
F-CLM-0041,"카카오페이 리뷰에는 앱 장애·렉으로 '매도 시점을 놓쳐 손해를 봤다'는 호소가 2022년부터 2026년까지 반복 등장하며, 특히 연휴 직후·트래픽 집중 시점(2025-10, 2026-01~03)에 집중된다",F,보유중·매도,C-SRC-0300;C-SRC-0301,,C-CLM-0302,,H,,H,채택,Claude 단독 — Codex 대장 무대응(WS8 QA 통과 확신도 유지)
F-CLM-0042,"초보 이용자는 미수거래 자동 발생(토스), 원화+달러 합산·미수 기본 설정(카카오페이), 소수점 주문의 10분 단위 체결, 자동 환전 등 위험·비용이 '사전 고지 없이' 발생했다고 인식한다 — 위험 고지 UX 공백",I,매수·보유중,C-SRC-0300;C-SRC-0301;C-SRC-0302;C-SRC-0303,,C-CLM-0303,,M,,M,채택,Claude 단독 — Codex 대장 무대응(WS8 QA 통과 확신도 유지)
F-CLM-0043,"'사는 것보다 파는 것이 어렵다'는 매도 판단의 막막함이 국내 지식iN 질문, 앱 리뷰, 해외 레딧 게시물에서 공통적으로 관찰된다",I,매도,C-SRC-0310;C-SRC-0330;C-SRC-0331;C-SRC-0332;C-SRC-0333;C-SRC-0334;C-SRC-0335;C-SRC-0336;C-SRC-0337;C-SRC-0338;C-SRC-0339;C-SRC-0300;X-SRC-0002;X-SRC-0202;X-SRC-03022;X-SRC-03066,,C-CLM-0304,X-CLM-0044,M,M,M,채택,WS9 상향: 독립 수집 VOC(X-CLM-0044·X-SRC-03022 등)에서 매도 국면 막막함 동일 관찰; Codex 재검증: 공개 자발응답의 질적 수렴이며 초보 여부와 유병률은 미확인
F-CLM-0044,"긍정 리뷰(표본의 약 23%)의 공통 요인은 '주식 입문이 쉽고 UI가 직관적'이라는 점으로, 카카오페이·토스 모두에서 동일하다",F,매수전·전반,C-SRC-0300;C-SRC-0301;C-SRC-0302;C-SRC-0303,,C-CLM-0305,,H,,H,채택,Claude 단독 — Codex 대장 무대응(WS8 QA 통과 확신도 유지)
F-CLM-0045,"리뷰 속 개선 요구는 '결론(추천) 대행'이 아니라 판단에 필요한 정보의 표시·설명(수익률 계산 기준, 환율·이중통화 표시, 세금·수수료, 시장 운영시간, 괴리율, 배당 정보)에 집중된다",I,전반,C-SRC-0300;C-SRC-0301;C-SRC-0302;C-SRC-0303;X-SRC-03001;X-SRC-03002;X-SRC-03003;X-SRC-03004;X-SRC-03005;X-SRC-03006;X-SRC-03007;X-SRC-03008;X-SRC-03009;X-SRC-03010;X-SRC-03011;X-SRC-03012;X-SRC-03013;X-SRC-03014;X-SRC-03015;X-SRC-03016;X-SRC-03017;X-SRC-03018;X-SRC-03019;X-SRC-03020;X-SRC-03021;X-SRC-03022;X-SRC-03023;X-SRC-03024;X-SRC-03025;X-SRC-03026;X-SRC-03027;X-SRC-03028;X-SRC-03029;X-SRC-03030;X-SRC-03031;X-SRC-03032;X-SRC-03033;X-SRC-03034;X-SRC-03035;X-SRC-03036;X-SRC-03037;X-SRC-03038;X-SRC-03039;X-SRC-03040;X-SRC-03041;X-SRC-03042;X-SRC-03043;X-SRC-03044;X-SRC-03045;X-SRC-03046;X-SRC-03047;X-SRC-03048;X-SRC-03049;X-SRC-03050;X-SRC-03051;X-SRC-03052;X-SRC-03053;X-SRC-03054;X-SRC-03055;X-SRC-03056;X-SRC-03057;X-SRC-03058;X-SRC-03059;X-SRC-03060;X-SRC-03061;X-SRC-03062;X-SRC-03064;X-SRC-03065;X-SRC-03066;X-SRC-03067;X-SRC-03068;X-SRC-03069;X-SRC-03070;X-SRC-03071;X-SRC-03072;X-SRC-03073;X-SRC-03074;X-SRC-03075;X-SRC-03076;X-SRC-03077;X-SRC-03078;X-SRC-03079;X-SRC-03080;X-SRC-03081;X-SRC-03082;X-SRC-03083;X-SRC-03084;X-SRC-03085;X-SRC-03086;X-SRC-03088;X-SRC-03089;X-SRC-03090;X-SRC-03091;X-SRC-03092;X-SRC-03093;X-SRC-03094;X-SRC-03095;X-SRC-03096;X-SRC-03097;X-SRC-03098;X-SRC-03099;X-SRC-03100;X-SRC-03101;X-SRC-03102;X-SRC-03103;X-SRC-03104;X-SRC-03105;X-SRC-03106;X-SRC-03107;X-SRC-03108;X-SRC-03109;X-SRC-03110;X-SRC-03111;X-SRC-03112;X-SRC-03113;X-SRC-03114;X-SRC-03115;X-SRC-03116;X-SRC-03117;X-SRC-03118;X-SRC-03119;X-SRC-03120,,C-CLM-0306,X-CLM-0007,M,M,M,채택,WS9 상향: X-CLM-0007 독립 표본에서 동일 결론 — 개선 요구는 결론 대행이 아닌 정보 표시·설명; Codex 재검증: 방향성 신호는 유지하되 자동 분류의 독립 인적 검수 주장을 철회
F-CLM-0046,급락·장애·첫 매도 등 고불안 순간에 정보·안내가 부족하면 초보 투자자의 판단 정체와 서비스 불신이 증폭된다,H,보유중·매도,C-SRC-0300;C-SRC-0301;C-SRC-0302;C-SRC-0303;C-SRC-0330;C-SRC-0331;C-SRC-0332;C-SRC-0333;C-SRC-0334;C-SRC-0335;C-SRC-0336;C-SRC-0337;C-SRC-0338;C-SRC-0339,,C-CLM-0307,,M,,M,채택,Claude 단독 — Codex 대장 무대응(WS8 QA 통과 확신도 유지)
F-CLM-0047,"본 리뷰 표본은 불만 이용자의 자기선택 편향이 강한 비확률 표본으로, 테마 비율을 전체 고객 비율처럼 해석할 수 없다",F,전반,C-SRC-0300;C-SRC-0301;C-SRC-0302;C-SRC-0303;X-SRC-03001;X-SRC-03002;X-SRC-03003;X-SRC-03004;X-SRC-03005;X-SRC-03006;X-SRC-03007;X-SRC-03008;X-SRC-03009;X-SRC-03010;X-SRC-03011;X-SRC-03012;X-SRC-03013;X-SRC-03014;X-SRC-03015;X-SRC-03016;X-SRC-03017;X-SRC-03018;X-SRC-03019;X-SRC-03020;X-SRC-03021;X-SRC-03022;X-SRC-03023;X-SRC-03024;X-SRC-03025;X-SRC-03026;X-SRC-03027;X-SRC-03028;X-SRC-03029;X-SRC-03030;X-SRC-03031;X-SRC-03032;X-SRC-03033;X-SRC-03034;X-SRC-03035;X-SRC-03036;X-SRC-03037;X-SRC-03038;X-SRC-03039;X-SRC-03040;X-SRC-03041;X-SRC-03042;X-SRC-03043;X-SRC-03044;X-SRC-03045;X-SRC-03046;X-SRC-03047;X-SRC-03048;X-SRC-03049;X-SRC-03050;X-SRC-03051;X-SRC-03052;X-SRC-03053;X-SRC-03054;X-SRC-03055;X-SRC-03056;X-SRC-03057;X-SRC-03058;X-SRC-03059;X-SRC-03060;X-SRC-03061;X-SRC-03062;X-SRC-03064;X-SRC-03065;X-SRC-03066;X-SRC-03067;X-SRC-03068;X-SRC-03069;X-SRC-03070;X-SRC-03071;X-SRC-03072;X-SRC-03073;X-SRC-03074;X-SRC-03075;X-SRC-03076;X-SRC-03077;X-SRC-03078;X-SRC-03079;X-SRC-03080;X-SRC-03081;X-SRC-03082;X-SRC-03083;X-SRC-03084;X-SRC-03085;X-SRC-03086;X-SRC-03088;X-SRC-03089;X-SRC-03090;X-SRC-03091;X-SRC-03092;X-SRC-03093;X-SRC-03094;X-SRC-03095;X-SRC-03096;X-SRC-03097;X-SRC-03098;X-SRC-03099;X-SRC-03100;X-SRC-03101;X-SRC-03102;X-SRC-03103;X-SRC-03104;X-SRC-03105;X-SRC-03106;X-SRC-03107;X-SRC-03108;X-SRC-03109;X-SRC-03110;X-SRC-03111;X-SRC-03112;X-SRC-03113;X-SRC-03114;X-SRC-03115;X-SRC-03116;X-SRC-03117;X-SRC-03118;X-SRC-03119;X-SRC-03120,,C-CLM-0308,X-CLM-0008,H,H,H,채택,X-CLM-0008 수렴(표본 일반화 금지 방법론 가드 동일)
F-CLM-0048,"국내 커뮤니티(지식iN)에서 초보 투자자의 질문은 매도 시점뿐 아니라 매도 후 처리(출금 시점, 환전, 세금)와 기초 용어·시장 시간에 집중된다",I,매도후·전반,C-SRC-0310;C-SRC-0311;C-SRC-0312;C-SRC-0313;C-SRC-0314;C-SRC-0315;C-SRC-0316;C-SRC-0317;C-SRC-0318;C-SRC-0319;C-SRC-0320;C-SRC-0321;C-SRC-0322;C-SRC-0323;C-SRC-0324;C-SRC-0325;C-SRC-0326;C-SRC-0327;C-SRC-0328;C-SRC-0329,,C-CLM-0309,,M,,M,채택,Claude 단독 — Codex 대장 무대응(WS8 QA 통과 확신도 유지)
F-CLM-0049,"토스 표본에는 '의도하지 않은 미수거래가 본인도 모르게 발생했다'는 리뷰가 존재하며, 이는 초보 보호 관점에서 위험 고지·기본값 설계 쟁점이다",F,매수,C-SRC-0303,,C-CLM-0310,,M,,M,채택,Claude 단독 — Codex 대장 무대응(WS8 QA 통과 확신도 유지)
F-CLM-0050,카카오페이의 잦은 증권 UI 개편이 기존 이용자(초보 포함)의 재학습 부담과 오주문 불안을 유발한다는 불만이 2022~2026년 반복된다,I,전반,C-SRC-0300;C-SRC-0301,,C-CLM-0311,,M,,M,채택,Claude 단독 — Codex 대장 무대응(WS8 QA 통과 확신도 유지)
F-CLM-0051,"해외 커뮤니티에서도 초보의 패닉셀 후 후회, 손절 기준 부재, 매도 후 미련이 반복 관찰되어 처분효과 등 행동재무학 문헌(WS2)과 정합한다",I,매도,C-SRC-0330;C-SRC-0331;C-SRC-0332;C-SRC-0333;C-SRC-0334;C-SRC-0335;C-SRC-0336;C-SRC-0337;C-SRC-0338;C-SRC-0339,,C-CLM-0312,,M,,M,채택,Claude 단독 — Codex 대장 무대응(WS8 QA 통과 확신도 유지)
F-CLM-0052,"토스증권의 첫 매수 공식 경로는 '증권 탭→돋보기 검색→종목→구매하기'로, 화면 이동 기준 약 4단계이며 용어로 매수/매도 대신 구매/판매를 사용한다",F,매수,C-SRC-0401;C-SRC-0405,,C-CLM-0401,,H,,H,채택,Claude 단독 — Codex 대장 무대응(WS8 QA 통과 확신도 유지)
F-CLM-0053,"카카오페이증권의 기본 주문 방식은 '간편 주문'으로, 수량만 입력하면 '최적가'로 구매/판매되며 호가창 기반 '호가 주문'은 선택 사항이다",F,매수/매도,C-SRC-0404,,C-CLM-0402,,H,,H,채택,Claude 단독 — Codex 대장 무대응(WS8 QA 통과 확신도 유지)
F-CLM-0054,"카카오페이증권은 1,000원 단위 해외주식 소수점 구매와 환전 없는 원화 주문으로 소액 첫 매수의 진입 절차를 최소화했다",F,매수,C-SRC-0410;C-SRC-0424,,C-CLM-0403,,H,,H,채택,Claude 단독 — Codex 대장 무대응(WS8 QA 통과 확신도 유지)
F-CLM-0055,"토스증권 WTS 주문 패널은 지정가/시장가 선택, 보유금 대비 10/25/50/최대% 수량 버튼, 총 주문 금액, 주문 가능 금액을 단일 화면에 제공한다",F,매수,C-SRC-0405,,C-CLM-0404,,H,,H,채택,Claude 단독 — Codex 대장 무대응(WS8 QA 통과 확신도 유지)
F-CLM-0056,"토스증권에서 매도 대금 출금은 국내·해외 모두 T+2 이후 가능하며, 해외는 오전 9시 달러 입금 후 환전 절차가 추가되고 '중간에 다른 주식 구매 시 환전 불가' 제약이 있다",F,매도후출금,C-SRC-0402;C-SRC-0403,,C-CLM-0405,,H,,H,채택,Claude 단독 — Codex 대장 무대응(WS8 QA 통과 확신도 유지)
F-CLM-0057,토스증권은 결제일 전 매도 대금의 98%까지 '주식판매금 미리받기'를 제공하되 하루 0.02% 이자를 부과한다,F,매도후출금,C-SRC-0422,,C-CLM-0406,,M,,M,채택,Claude 단독 — Codex 대장 무대응(WS8 QA 통과 확신도 유지)
F-CLM-0058,"Robinhood의 매수 기본값은 달러 금액 기반 주문이며, Review 화면 확인 후 '위로 스와이프' 제스처로만 주문이 제출된다",F,매수,C-SRC-0406,,C-CLM-0407,,H,,H,채택,Claude 단독 — Codex 대장 무대응(WS8 QA 통과 확신도 유지)
F-CLM-0059,Robinhood는 매수 안내에서 '마지막 체결가가 실제 체결가와 다를 수 있음'과 시간외 거래의 변동성·유동성 위험을 문구로 고지한다,F,매수(위험고지),C-SRC-0406,,C-CLM-0408,,H,,H,채택,Claude 단독 — Codex 대장 무대응(WS8 QA 통과 확신도 유지)
F-CLM-0060,"Robinhood 24시간 시장은 지정가·온주 주문만 허용하고 시장가를 차단하며, 유동성·스프레드 위험을 전용 고지문서와 인앱 FAQ로 이중 고지한다",F,시간외거래,C-SRC-0407,,C-CLM-0409,,H,,H,채택,Claude 단독 — Codex 대장 무대응(WS8 QA 통과 확신도 유지)
F-CLM-0061,"토스증권은 데이마켓 도입(2023-02-13)으로 미국주식을 한국시간 10:00~17:50 포함 총 21시간 50분 거래 가능하게 했고, 미체결 주문은 다음날 08시까지 유지 후 자동 취소된다",F,시장시간확인,C-SRC-0408,,C-CLM-0410,,H,,H,채택,Claude 단독 — Codex 대장 무대응(WS8 QA 통과 확신도 유지)
F-CLM-0062,"Betterment는 출금 전 'Tax Impact Preview'로 세금 영향을 미리 보여주고, 손실 포지션 우선 매도(TaxMin), '매도 후 취소 불가'·'시장 변동으로 출금액 변동 가능' 경고를 제공한다",F,매도후출금,C-SRC-0409;X-SRC-0420;X-SRC-0421;X-SRC-0422,,C-CLM-0411,X-CLM-0017,H,H,H,채택,X-CLM-0017 수렴 — Betterment 공식 도움말 WS9 스팟 체크로 원문 문구 재확인
F-CLM-0063,카카오페이증권은 투자성향 등급과 상품 위험등급이 맞지 않으면 구매를 제한하는 적합성 확인 장치를 운영한다,F,매수(적합성),C-SRC-0404,,C-CLM-0412,,M,,M,채택,Claude 단독 — Codex 대장 무대응(WS8 QA 통과 확신도 유지)
F-CLM-0064,토스증권은 종목 화면에 커뮤니티(감정적 게시물 포함)와 고변동(±24~88%) 관심종목 TOP10 피드를 기본 노출해 초보자의 감정 자극·추격 매매를 유발할 수 있다,I,보유모니터링,C-SRC-0405,,C-CLM-0413,,M,,M,채택,Claude 단독 — Codex 대장 무대응(WS8 QA 통과 확신도 유지)
F-CLM-0065,토스증권은 '토스증권 AI'로 종목별 등락 원인을 한 줄 요약해 제공한다(예: '애플 중국 등록 승인으로 3.9% 상승'),F,보유모니터링,C-SRC-0405;X-SRC-0401;X-SRC-0402;X-SRC-0403;X-SRC-0404;X-SRC-0405;X-SRC-0406;X-SRC-0407;X-SRC-0408;X-SRC-0409;X-SRC-0410;X-SRC-0411;X-SRC-0412;X-SRC-0413;X-SRC-0414;X-SRC-0417;X-SRC-0418;X-SRC-0419;X-SRC-0420;X-SRC-0423;X-SRC-0424;X-SRC-0425;X-SRC-0426,,C-CLM-0414,X-CLM-0016,H,M,H,채택,X-CLM-0016 수렴(토스 맥락 설명 패턴)
F-CLM-0066,토스증권 공개 WTS에서 서로 다른 현재가·체결가 표시를 관찰했으나 기준시각·KRX/NXT·지연 여부를 재현하지 못해 원인과 일반성을 확정할 수 없다.,I,보유모니터링(기준시각),C-SRC-0405,,C-CLM-0415,,L,,L,쟁점,Claude 단독 — Codex 대장 무대응(WS8 QA 통과 확신도 유지); Codex 재검증: 부재·결함 단정 금지; 실기기와 거래소·기준시각을 포함한 재현 필요
F-CLM-0067,"Robinhood의 게임화·디지털 참여 관행은 매사추세츠 동의명령의 쟁점이었고 약 750만 달러 합의가 있었으나, 콘페티 제거 시점과 전체 제재 사유를 하나의 인과로 동일시하면 안 된다.",F,전반(게임화),C-SRC-0411;C-SRC-0412;X-SRC-0415;X-SRC-0416,,C-CLM-0416,X-CLM-0018,H,H,M,채택,"X-CLM-0018 보강 — MA 동의명령·FINRA AWC 원문 PDF(X-SRC-0415·0416) 링크 실재 확인(WS9 스팟 체크, PDF 본문 파싱은 불가); Codex 재검증: 기능 제거와 제재 시점·사유를 분리"
F-CLM-0068,"토스증권의 랜덤 주식 1주 지급 이벤트에 약 170만 명이 참여했다는 보도가 있으나, 참여자를 모두 초보 투자자로 분류할 근거는 없다.",F,유입(게임화),C-SRC-0413,,C-CLM-0417,,M,,M,채택,Claude 단독 — Codex 대장 무대응(WS8 QA 통과 확신도 유지); Codex 재검증: '초보 투자자 170만 명' 라벨 제거
F-CLM-0069,"토스증권은 52주 최고가 알림 오발송, AI 뉴스 동일 티커 오노출(PMAX) 등 자동화 정보 제공의 오류 사례가 반복 보도되어, 출처·기준시각 없는 자동 알림이 오히려 오판을 유발할 수 있음을 보여준다",F,보유모니터링(정보신뢰),C-SRC-0414;C-SRC-0423,,C-CLM-0418,,M,,M,채택,Claude 단독 — Codex 대장 무대응(WS8 QA 통과 확신도 유지)
F-CLM-0070,미래에셋 M-STOCK은 통합증거금으로 원화 예수금만으로 해외주식을 주문하고 결제일에 부족분만 자동환전한다,F,매수(환전),C-SRC-0415,,C-CLM-0419,,M,,M,채택,Claude 단독 — Codex 대장 무대응(WS8 QA 통과 확신도 유지)
F-CLM-0071,"핀트는 AI 일임형이라 개별 종목 매수·매도 판단 과업 자체가 사용자에게 없으며, 월 3만원부터 시작 가능하고 수수료는 투자수익의 연 9.5%(수익 시에만)이다",F,전반(일임),C-SRC-0416,,C-CLM-0420,,M,,M,채택,Claude 단독 — Codex 대장 무대응(WS8 QA 통과 확신도 유지)
F-CLM-0072,핀트의 출금·계약해지 진입점은 설정 화면 하단에 작은 글씨로 배치되어 발견이 어렵고 해지에 최대 4영업일이 걸린다는 사용기가 있다,I,매도후출금,C-SRC-0417,,C-CLM-0421,,L,,L,채택,Claude 단독 — Codex 대장 무대응(WS8 QA 통과 확신도 유지)
F-CLM-0073,에임(AIM)은 최소 자문계약 금액(약 500만원)으로 인해 '1만원 첫 매수' 과업 자체가 불가능한 고액 진입장벽형 서비스다,I,진입장벽,C-SRC-0418;C-SRC-0419,,C-CLM-0422,,L,,L,채택,Claude 단독 — Codex 대장 무대응(WS8 QA 통과 확신도 유지)
F-CLM-0074,Magnifi는 자연어 대화로 종목 탐색과 연결 포트폴리오의 리스크·수수료 진단을 제공하는 대화형 투자 보조 서비스다,F,종목탐색,C-SRC-0420,,C-CLM-0423,,M,,M,채택,Claude 단독 — Codex 대장 무대응(WS8 QA 통과 확신도 유지)
F-CLM-0075,"환전 시점(주간 수동 vs 야간 자동)에 따라 우대율 차이로 실질 환전 수수료가 약 5배 차이 날 수 있어, 초보자가 자동 주문 시 인지 없이 더 높은 비용을 낼 수 있다",H,매수(환전비용),C-SRC-0421,,C-CLM-0424,,L,,L,쟁점,Claude 단독 — Codex 대장 무대응(WS8 QA 통과 확신도 유지)
F-CLM-0076,자본시장법상 '투자권유'는 특정 투자자를 상대로 금융투자상품의 매매 또는 자문·일임·신탁계약 체결을 권유하는 것이다(제9조 제4항),F,공통,C-SRC-0501,,C-CLM-0500,,H,,H,채택,Claude 단독 — Codex 대장 무대응(WS8 QA 통과 확신도 유지)
F-CLM-0077,"개별 종목의 취득·처분·방법·수량·가격·시기 등 투자판단에 관한 자문을 영업으로 하면 투자자문업이며(자본시장법 제6조 제7항), 투자판단을 일임받아 운용하면 투자일임업이다(제6조 제8항)",F,공통,C-SRC-0502,,C-CLM-0501,,H,,H,채택,Claude 단독 — Codex 대장 무대응(WS8 QA 통과 확신도 유지)
F-CLM-0078,개별 투자자를 상정하지 않고 다수인을 대상으로 일방적으로 이루어지는 '개별성 없는 조언'은 투자자문업으로 보지 않는다(자본시장법 제7조 제3항). 다만 유료 온라인 쌍방향 의견 교환은 예외다,F,공통,C-SRC-0503,,C-CLM-0502,,H,,H,채택,Claude 단독 — Codex 대장 무대응(WS8 QA 통과 확신도 유지)
F-CLM-0079,"금소법상 투자성 상품의 계약 체결을 권유하면 적합성원칙(제17조: 정보 파악·확인, 부적합 권유 금지)과 설명의무(제19조)가 적용되고, 권유 없이 판매하는 경우에도 적정성원칙(제18조)이 적용될 수 있다",F,공통,C-SRC-0505;C-SRC-0506;C-SRC-0507,,C-CLM-0503,,H,,H,채택,Claude 단독 — Codex 대장 무대응(WS8 QA 통과 확신도 유지)
F-CLM-0080,불확실한 사항에 대해 단정적 판단을 제공하거나 확실하다고 오인하게 할 소지가 있는 내용을 알리는 행위는 부당권유행위로 금지된다(금소법 제21조 제1호),F,공통,C-SRC-0508,,C-CLM-0504,,H,,H,채택,Claude 단독 — Codex 대장 무대응(WS8 QA 통과 확신도 유지)
F-CLM-0081,"자동화 장치로 투자자문·일임을 수행하는 로보어드바이저는 투자성향 분석·침해사고 예방 체계 등 전자적 투자조언장치 요건(자본시장법 시행령 제2조 제6호)을 갖춰야 하며, 코스콤 로보어드바이저 테스트베드가 분산투자·투자자 성향 분석·해킹 방지 체계를 심사한다",F,공통,C-SRC-0504;C-SRC-0513;X-SRC-0501;X-SRC-0504;X-SRC-0505,,C-CLM-0505,X-CLM-0021,H,H,H,채택,X-CLM-0021 수렴(AI 자동 주문=투자일임·별도 인허가 트랙); Codex 재검증: 국내주식 복귀계좌인 X-SRC-0114를 로보어드바이저 근거에서 제거
F-CLM-0082,"금융위 금융분야 인공지능 가이드라인(개정, 2026-06-22 시행)은 7대 원칙(거버넌스·합법성·보조수단성·신뢰성·금융안정성·신의성실·보안성)을 제시하며, AI는 업무의 보조수단으로서 최종 의사결정과 책임은 임직원이 수행하고 금융소비자 이익을 최우선으로 해야 한다고 명시한다",F,공통,C-SRC-0500;X-SRC-0506;X-SRC-0507;X-SRC-0508,,C-CLM-0506,X-CLM-0022,H,H,H,채택,"WS9 판정 D-11(원문 재확인 완료): 7대 원칙·보조수단성·26.6.22 시행·'최종 의사결정과 책임은 임직원' 문구 확인 — Claude 구체 서술 채택, Codex 서술(X-CLM-0022)과 모순 없음"
F-CLM-0083,"계획서가 검증을 지시한 금융위 게시물 링크(https://www.fsc.go.kr/no010101/87142)는 2026-07-16 현재 유효하며, 2026-06-18자 AI 가이드라인 개정 보도자료와 가이드라인 전문 PDF 첨부를 제공한다",F,공통,C-SRC-0500;X-SRC-0506;X-SRC-0507;X-SRC-0508,,C-CLM-0507,X-CLM-0022,H,H,H,채택,"WS9 재확인 — 링크 유효, 2026-06-18 게시·개정안 발표 확인"
F-CLM-0084,"AI를 포함한 완전 자동화 결정이 정보주체의 권리·의무에 중대한 영향을 미치는 경우 거부권·설명요구권이 보장되며(개인정보 보호법 제37조의2), 금융 자동화평가에는 설명·이의제기권(신용정보법 제36조의2)이 있다. 개인화 추천 기능은 설명가능성·인적 개입 경로를 갖춰야 한다",F,공통,C-SRC-0509;C-SRC-0510,,C-CLM-0508,,H,,H,채택,Claude 단독 — Codex 대장 무대응(WS8 QA 통과 확신도 유지)
F-CLM-0085,"금소법 제19조는 '일반금융소비자가 이해할 수 있도록' 설명할 의무를, 장차법 제21조는 전자정보·모바일 앱의 동등한 접근(스크린리더 등 정당한 편의)을 요구하므로, 쉬운 한국어·색상 외 손익 표현·대체텍스트는 규범적 근거가 있는 요구사항이다",I,공통,C-SRC-0507;C-SRC-0512;X-SRC-0512;X-SRC-0513;X-SRC-0514;X-SRC-0515;X-SRC-0516;X-SRC-0517,,C-CLM-0509,X-CLM-0024,M,H,H,채택,"WS9 판정 D-06(병합): 디지털포용법 제19조(법률 제20672호, 시행 2026-01-22, '지능정보서비스 등에 대한 접근성 보장') 원문 확인 — Codex 단독 발견 채택. 민간 직접 구속력은 장차법 §21, 디지털포용법 §19는 국가기관 등 의무+지능정보사업자 노력의무. KWCAG 2.2 표준(X-SRC-0516)·과기정통부 고시 제2026-1호(X-SRC-0515, 정식명 '디지털취약계층의 정보 접근 및 이용 편의 증진을 위한 고시') 실재 확인"
F-CLM-0086,"'투자 권유가 아닙니다' 면책 문구만으로는 특정 투자자 대상 방향 제시의 실질(투자권유·부당권유 소지)이 제거되지 않으므로, 위험 기능은 면책 문구가 아니라 기능 설계(결론 비제시·대체 UX)로 통제해야 한다",I,공통,C-SRC-0501;C-SRC-0508;X-SRC-0501;X-SRC-0502;X-SRC-0503,,C-CLM-0510,X-CLM-0020,M,H,H,채택,WS9 상향: X-CLM-0020 독립 수렴 — 면책 문구만으로 개인화 권유의 실질·설명책임이 사라지지 않음
F-CLM-0087,"출처 있는 중립 정보와 사용자 입력값의 계산은 상대적으로 위험이 낮지만, 최종 클릭을 사용자가 하더라도 개인화 정도·쌍방향성·표현·옵션 강조·주문 연결의 실질에 따라 투자권유·자문 위험이 남는다.",I,공통,C-SRC-0501;C-SRC-0502;C-SRC-0503;C-SRC-0500;X-SRC-0122;X-SRC-0124;X-SRC-0125;X-SRC-0215;X-SRC-0216;X-SRC-0403;X-SRC-0406;X-SRC-0414;X-SRC-0419;X-SRC-0501;X-SRC-0502;X-SRC-0503;X-SRC-0511,,C-CLM-0511,X-CLM-0019,M,M,M,채택,"WS9 상향(요청했던 교차검증 완료): X-CLM-0019 독립 수렴 — '출처 있는 정보+판단은 사용자' 구조는 상대적 안전, 특정 사용자 대상 방향 제시 순간 권유·자문 경계 진입에 양측 일치; Codex 재검증: '어느 쪽에도 해당하지 않는다'는 단정 철회; 기능별 법무·준법 검토 필요"
F-CLM-0088,"전자금융거래에는 오류 정정·통지 의무(전자금융거래법 제8조)와 안전성 확보 의무(제21조)가 있으므로, 주문 흐름에는 사전 확인 단계(주문 미리보기·이상 금액 경고) 등 오주문 방지 UX가 필요하다",I,주문,C-SRC-0511,,C-CLM-0512,,M,,M,채택,Claude 단독 — Codex 대장 무대응(WS8 QA 통과 확신도 유지)
F-CLM-0089,해커톤 MVP는 중립 설명·가상 시나리오·사용자 입력 주문 미리보기·모의주문으로 제한한다. 기존 인가 주문서비스 자체가 금지되는 것은 아니지만 AI가 방향·수량·가격·시점을 정하거나 대화 안에서 직접 제출하는 구조는 제외한다.,D,공통,C-SRC-0500;C-SRC-0501;C-SRC-0502;C-SRC-0503;C-SRC-0504;C-SRC-0505;C-SRC-0508,,C-CLM-0513,,M,,M,채택,X-CLM-0041(개인화 추천 효과 주장 기각)·X-CLM-0021과 정합 — 데모 범위 결정 유지; Codex 재검증: 실주문 전체와 AI 주도 주문을 구분
F-CLM-0090,본선일 2026-07-18은 토요일로 KRX 주식시장이 휴장하며(미국 시장도 주말 폐장) 당일 실시간 시세는 존재하지 않는다,F,전체,C-SRC-0614;C-SRC-0615,,C-CLM-0601,,H,,H,채택,Claude 단독 — Codex 대장 무대응(WS8 QA 통과 확신도 유지)
F-CLM-0091,"공공데이터포털 금융위 주식시세정보 API는 자동승인·무료·이용허락 제한 없음이며 개발계정 일 10,000회 한도를 갖고 기준일 영업일 D+1 13시 이후 갱신된다",F,데이터기반,C-SRC-0610;X-SRC-0608,,C-CLM-0602,X-CLM-0027,H,M,H,채택,X-CLM-0027 수렴 — Codex 주의사항 병합: 포털 메타데이터 표기와 실제 갱신 특성이 다를 수 있어 실측 재확인 필요
F-CLM-0092,DART OpenAPI는 누구나 무료 인증키(40자)로 이용 가능하고 요청 제한(오류 020) 및 회사 100건/회 제한이 있다,F,데이터기반,C-SRC-0603;C-SRC-0604;X-SRC-0606;X-SRC-0607,,C-CLM-0603,X-CLM-0026,H,H,H,채택,X-CLM-0026 수렴(인증키·호출 제한·정정공시 처리)
F-CLM-0093,KIS Open API는 한국투자증권 계좌 개설과 서비스 신청이 선행되어야 하며 계좌 보유 시 온라인 신청으로 App Key/Secret을 당일 확인할 수 있고 모의투자는 모의계좌 별도 신청+별도 앱키가 필요하다,F,데이터기반,C-SRC-0607;C-SRC-0608;X-SRC-0609;X-SRC-0610;X-SRC-0611;X-SRC-0612;X-SRC-0613;X-SRC-0614,,C-CLM-0604,X-CLM-0028,M,H,H,채택,"WS9 상향: Codex가 공식 포털 페이지(X-SRC-0609~0612) 직접 확인 — Claude GitHub 교차 확인과 합치. 추가 채택: 개인용 API의 제3자 서비스 제공 제한·제휴 필요(X-SRC-0614, WS9 스팟 체크로 원문 문구 확인)"
F-CLM-0094,"KIS Open API 호출 한도는 실전 REST 초당 약 20건 수준이며 모의투자는 그보다 낮다(초당 2~5건, 문서 상이로 미확정)",F,데이터기반,C-SRC-0607;C-SRC-0609,,C-CLM-0605,,M,,M,쟁점,WS9 재확인 시도: KIS 커뮤니티 유량 안내(X-SRC-0613)는 SPA로 양측 모두 수치 추출 실패 — 쟁점 유지(단건 조회·로컬 모의 체결 데모에는 영향 없음)
F-CLM-0095,KIS Open API는 모의투자(vps)·실전(prod) 환경을 모두 제공하고 WebSocket 실시간 시세를 지원하며 토큰 재발급은 1분당 1회로 제한된다,F,데이터기반,C-SRC-0607,,C-CLM-0606,,H,,H,채택,Claude 단독 — Codex 대장 무대응(WS8 QA 통과 확신도 유지)
F-CLM-0096,pykrx는 KRX·네이버 스크래핑 기반 무인증 라이브러리로 일별 OHLCV·시총·펀더멘털을 제공하나 일부 API는 KRX 로그인이 필요하고 과도 호출 시 차단 위험이 있으며 데이터 저작권은 KRX·네이버에 귀속된다,F,데이터기반,C-SRC-0612;X-SRC-0615;X-SRC-0616;X-SRC-0617,,C-CLM-0607,X-CLM-0029,H,H,H,채택,X-CLM-0029 수렴(pykrx 프로토타입 한정·운영 부적합)
F-CLM-0097,yfinance는 야후 비공식 도구이며 야후 파이낸스 API는 개인용(personal use only)으로 명시되어 재배포·상업 이용에 제약이 있다,F,데이터기반,C-SRC-0613;X-SRC-0615;X-SRC-0616;X-SRC-0617,,C-CLM-0608,X-CLM-0029,H,H,H,채택,X-CLM-0029 수렴(yfinance 개인용 한정)
F-CLM-0098,KRX 정보데이터시스템의 웹 조회·CSV 경로와 별도로 인증키·승인 기반 KRX OPEN API가 존재한다. 운영 사용에는 호출·이용기간·출처표시·제3자 제공 등 약관과 데이터 계약을 검토해야 한다.,I,데이터기반,C-SRC-0601;C-SRC-0602;X-SRC-0601;X-SRC-0602;X-SRC-0603;X-SRC-0604;X-SRC-0605,,C-CLM-0609,X-CLM-0025,M,H,H,채택,"WS9 판정 D-05: 본 주장은 '정보데이터시스템(data.krx.co.kr)'에 한정하여 유지. 별도로 KRX Open API 포털(openapi.krx.co.kr, X-SRC-0601~0605)이 존재함을 Codex가 확인(인증키·호출량·이용기간·출처표시·재제공 제한) — 합산본 데이터 소스 표에 반영. WS9 스팟 체크로 포털 실재 확인; Codex 재검증: 'KRX 공개 REST API 없음'으로 읽히는 표현을 공식 OPEN API 존재로 교정"
F-CLM-0099,"본선일이 토요일이므로 실제로 수집에 성공한 금요일 종가 스냅샷과 로컬 fixture를 사전 동결하고, 성공 전의 예정 시각이나 미수집 데이터를 화면에 표시하지 않는다.",D,데이터기반,C-SRC-0610;X-SRC-0608,,C-CLM-0610,X-CLM-0027,H,M,H,채택,X-CLM-0027 수렴 — 토요일 금요 종가 확보 전략 동일; Codex 재검증: 7월 17일 데이터는 7월 16일 현재 수집 완료 사실이 아니라 실행 계획
F-CLM-0100,ECOS는 환율·금리 등 보조 지표 원천으로 인증키 기반 무료 이용이 가능하나 호출 한도 등 세부 수치는 공식 페이지(SPA)에서 확인하지 못했다(미확인),F,데이터기반,C-SRC-0611;X-SRC-0615;X-SRC-0616;X-SRC-0617,,C-CLM-0611,X-CLM-0029,M,H,M,채택,X-CLM-0029 수렴(ECOS 배경 지표 한정)
F-CLM-0101,"본선 데모의 기본 데이터 구성은 1안 pykrx 7/17 종가 스냅샷+DART 캐시+로컬 모의 체결, 2안 yfinance+ECOS(미국 시나리오 시), 공통 폴백은 시나리오 3종 JSON fixture 오프라인 데모로 하며 KIS 모의투자는 7/17까지 발급·테스트 완료 시에만 선택 사용한다",D,데이터기반,C-SRC-0601;C-SRC-0604;C-SRC-0607;C-SRC-0610;C-SRC-0612;C-SRC-0613;X-SRC-0601;X-SRC-0606;X-SRC-0608;X-SRC-0611;X-SRC-0613;X-SRC-0614,,C-CLM-0612,X-CLM-0034,H,H,H,채택,X-CLM-0034 수렴 — 정적 스냅샷+모의 체결 기본 전략에 양측 독립 일치
F-CLM-0102,"초보 투자자 관점 휴리스틱 4종(불안 완화·이해 가능성·오주문 방지·근거 제시)은 WS2 행동재무학 원논문·공식 조사, WS3 VOC, WS4 벤치마크 관찰, WS5 법령 원문으로 조작화할 수 있다",I,전반,C-SRC-0211;C-SRC-0204;C-SRC-0507;C-SRC-0508;C-SRC-0511;C-SRC-0405;C-SRC-0406,,C-CLM-0701,,M,,M,채택,Claude 단독 — Codex 대장 무대응(WS8 QA 통과 확신도 유지)
F-CLM-0103,"핵심 흐름은 계획 기록, 관련 사실·해석·모름 브리핑, 유지·일부매도·전량매도의 대칭 시나리오, 결정론적 주문 영향 미리보기, 별도 주문 확인, 사후 회고, 장애 안전모드로 구성한다.",D,보유;매도;매수,C-SRC-0405;C-SRC-0406;C-SRC-0409;C-SRC-0130;C-SRC-0150;C-SRC-0508;C-SRC-0512;X-SRC-0002;X-SRC-0120;X-SRC-0121;X-SRC-03010;X-SRC-03022;X-SRC-0420;X-SRC-0421;X-SRC-0423;X-SRC-0424;X-SRC-0506;X-SRC-0512;X-SRC-0513;X-SRC-0516,,C-CLM-0702,X-CLM-0032,M,H,M,채택,WS9 판정 D-07(병합): X-CLM-0032와 결합 — Codex의 매수 전 계획 기록·이해 확인 질문·사후 회고 단계 추가. 3버튼은 '의사 선택'(결론 비워두기)으로 유지하되 주문 실행은 항상 별도 주문 미리보기·확인 화면으로 분리하고 AI 대화 내 즉시 주문 버튼은 두지 않음; Codex 재검증: 원인 확정 표현과 AI 대화 내 주문 CTA를 제거; 추가매수는 사용자가 먼저 의향을 밝힌 경우에만 위험과 함께 검토
F-CLM-0104,"뽑기형 보상 게임화, 고변동 종목 어텐션 피드, 출처·기준시각 없는 자동 알림, 치환어 단독 사용(최적가), 비용·출금 제약의 사후 인지 구조, 매수 버튼 강조형 다크패턴은 초보 투자자의 불안·오판을 키우는 반면교사 패턴으로 데모에서 배제한다",D,전반,C-SRC-0411;C-SRC-0412;C-SRC-0413;C-SRC-0405;C-SRC-0414;C-SRC-0423;C-SRC-0404;C-SRC-0402;C-SRC-0508;X-SRC-0401;X-SRC-0402;X-SRC-0403;X-SRC-0404;X-SRC-0405;X-SRC-0406;X-SRC-0407;X-SRC-0408;X-SRC-0409;X-SRC-0410;X-SRC-0411;X-SRC-0412;X-SRC-0413;X-SRC-0414;X-SRC-0417;X-SRC-0418;X-SRC-0419;X-SRC-0420;X-SRC-0423;X-SRC-0424;X-SRC-0425;X-SRC-0426,,C-CLM-0703,X-CLM-0016,M,M,M,채택,X-CLM-0016 수렴 + Robinhood 제재 원문 PDF(X-SRC-0415·0416) 보강
F-CLM-0105,"본 리서치의 사용자 검증은 휴리스틱 검토(전문가 구조 검토)까지만 수행되었으며, 초보 투자자 실사용자 과업 테스트는 미수행이다",F,전반,,,C-CLM-0704,,H,,H,채택,Claude 단독 — Codex 대장 무대응(WS8 QA 통과 확신도 유지)
F-CLM-0106,"공통 계획서 가중치로 두 독립본이 핵심안을 각각 92점으로 평가했다. 이는 내부 우선순위 보조값이지 독립 시장검증 점수가 아니며, 최종안은 판단 여권에 고불안 순간 관련 사실 브리핑을 결합한 제품 가설이다.",D,보유;매도;매수,C-SRC-0213;C-SRC-0203;C-SRC-0202;C-SRC-0112;C-SRC-0121;C-SRC-0204;C-SRC-0501;C-SRC-0502;C-SRC-0610;C-SRC-0614;X-SRC-0002;X-SRC-0101;X-SRC-0201;X-SRC-0202;X-SRC-03010;X-SRC-03022;X-SRC-0420;X-SRC-0501,,C-CLM-0710,X-CLM-0031,M,M,M,채택,"WS9 판정 D-08: Codex '판단 여권' 92점과 독립 수렴 — 핵심 데모 확정(동일 채점 기준에서 양측 동점 92). 백업은 Claude K2(첫 매수 안전 가이드) 유지, Codex '장애 안전모드'(82)는 독립 백업이 아닌 K1 데모 장면·운영 레이어로 흡수(Codex 원문 §9도 '운영 레이어'로 규정). 제품명 '판단 여권'+시나리오명 '고불안 순간 판단 전 브리핑' 병기; Codex 재검증: 공유된 채점 기준의 동점과 외부 검증을 구분"
F-CLM-0107,"북극성 지표는 핵심 조건을 이해하고 사전 계획을 따르거나 새로운 근거로 변경 이유를 명시한 뒤, 거래·보류 중 감당 가능한 결정을 완료한 세션 비율이다. 거래량·거래횟수·단기수익률은 성공지표로 사용하지 않는다.",D,전반,C-SRC-0500;C-SRC-0508;C-SRC-0214;X-SRC-0002;X-SRC-0415;X-SRC-0416;X-SRC-0424,,C-CLM-0711,X-CLM-0033,M,M,M,채택,WS9 상향: X-CLM-0033 수렴 — 북극성 지표 '핵심 조건 이해+사전 계획 일치 의사결정 완료율'(Codex 정식화) 채택. 거래량·수익률 단독 지표 배제에 양측 독립 일치(Robinhood 제재 기록 보강); Codex 재검증: 합리적인 계획 변경도 성공으로 인정; 0% 안전 게이트는 사전 정의 테스트셋의 건수로만 보고
F-CLM-0108,출제 의도는 AI가 최적 매매시점을 대신 정하는 것보다 초보자가 이해·안심하고 다음 행동을 선택할 수 있는 과정 설계에 가깝다,I,all,X-SRC-0001;X-SRC-0002;X-SRC-0003,,,X-CLM-0001,,H,H,채택,Codex 단독 — Codex 단독(대장 기준) — Claude 인터뷰 분석 문서·보고서 3장과 정합. 공유 입력(인터뷰 영상) 기반이므로 독립 상향은 아님
F-CLM-0109,생애 최초 현물주식 체결 후 12개월은 임시 신규 진입 태그일 뿐이며 6·12·24개월 민감도와 실제 과업 성과로 검증해야 한다.,D,onboarding,X-SRC-0201;X-SRC-0215,,,X-CLM-0003,,L,L,채택,Codex 단독 — 신규 진입 태그 운영 절단값 가설 — 6·12·24개월 민감도 검증 전제로 채택; Codex 재검증: KCMI 표본 정의를 제품의 검증된 절단값으로 오해하지 않음
F-CLM-0110,초보자의 핵심 JTBD는 계획·최신 사실·주문 결과를 한 화면에서 비교해 감당 가능한 결정을 내리는 것이다,I,all,X-SRC-0002;X-SRC-0201;X-SRC-0202;X-SRC-03001;X-SRC-03003;X-SRC-03010;X-SRC-03022;X-SRC-03048;X-SRC-03066;X-SRC-03111,,,X-CLM-0009,,M,M,채택,Codex 단독 — JTBD 정식화 — 합산본 3장에 채택. Claude K1 문제 프레임과 정합
F-CLM-0111,빠른 실행 기능이 확대될수록 체결·비용·정산·시세 지연을 주문 순간에 이해시키는 계층이 더 중요하다,I,execution,X-SRC-0108;X-SRC-0109;X-SRC-0118;X-SRC-0119;X-SRC-0120;X-SRC-0121;X-SRC-0122;X-SRC-0123;X-SRC-0124;X-SRC-03010;X-SRC-03022,,,X-CLM-0013,,M,M,채택,Codex 단독 — C-CLM-0111 노트('의사결정 보조 공백')·C-CLM-0120과 방향 정합
F-CLM-0112,공식 기술 글에서 Kubernetes·멀티클러스터·Redis·MongoDB CDC·관측성·RAG/LLM 적용 사례가 확인된다,F,technology,X-SRC-0132;X-SRC-0133;X-SRC-0134;X-SRC-0135;X-SRC-0136;X-SRC-0137;X-SRC-0138;X-SRC-0139;X-SRC-0140;X-SRC-0141;X-SRC-0142,,,X-CLM-0014,,H,H,채택,Codex 단독 — 기술 스택 사실 — C-CLM-0120(고객향 투자 AI 공개 글 부재)과 상보
F-CLM-0113,본 MVP는 계좌 식별자와 주문 원장을 외부 LLM에 보내지 않고 최소화한 파생값만 사용한다,D,governance,X-SRC-0507;X-SRC-0509;X-SRC-0510;X-SRC-0511,,,X-CLM-0023,,H,H,채택,Codex 단독 — 데이터 최소화 설계 결정 — C-CLM-0508(자동화 결정 설명·거부권)과 상보. 해커톤 '비밀정보 로그 금지' 규정과도 정합
F-CLM-0114,숫자 계산은 결정론적 서비스가 맡고 LLM은 근거 검색·쉬운 설명만 담당하며 정책 가드레일 뒤에 둔다,D,technology,X-SRC-0132;X-SRC-0136;X-SRC-0506;X-SRC-0507;X-SRC-0509;X-SRC-0510;X-SRC-0511;X-SRC-0601;X-SRC-0606,,,X-CLM-0030,,H,H,채택,"Codex 단독 — 결정론 계산·LLM 설명 분리 원칙 — Claude 안전장치 5종과 상보, 합산본 아키텍처 채택"
F-CLM-0115,처분효과가 관찰됐다는 사실만으로 개별 초보자의 매도 막막함 원인이 손실 불안이라고 진단할 수 없다,I,sell,X-SRC-0202;X-SRC-0208;X-SRC-0209;X-SRC-0211;X-SRC-0212;X-SRC-0425;C-SRC-0203;C-SRC-0213,,,X-CLM-0035,,H,H,채택,"Codex 단독 — 인식론 가드(행태 관찰≠원인 진단) — 합산본 채택, 데모 문구 설계에 반영; Codex 재검증: soft 404 X-SRC-0210 제거; 행동 관찰과 심리 원인 진단을 분리하는 가드 유지"
F-CLM-0116,해결할 문제는 최적 매매시점 예측이 아니라 불확실한 상황에서 계획·사실·주문 결과를 이해하고 설명 가능한 결정을 내리게 하는 것이다,I,all,X-SRC-0002;X-SRC-0003;X-SRC-0101;X-SRC-0102;X-SRC-0201;X-SRC-0202;X-SRC-03010;X-SRC-03022,,,X-CLM-0036,,H,H,채택,Codex 단독 — 문제 재정의 — Claude 보고서 3장과 실질 동일 결론에 독립 도달(수렴). 합산본 3장 채택
F-CLM-0117,판단 여권은 주문·정산·평단 문의와 즉시 취소·재주문을 줄이고 건강한 재방문을 높일 것이다,H,business,X-SRC-0118;X-SRC-03010;X-SRC-03022;X-SRC-03048;X-SRC-03066;X-SRC-0420,,,X-CLM-0037,,L,L,채택,Codex 단독 — 출시 전 효과 가설 — C-CLM-0711 설계 목표 지표와 연결
F-CLM-0118,KIS Developers가 매수·매도 실행 시연을 위한 유일한 공개 경로다,F,data,X-SRC-0609;X-SRC-0610;X-SRC-0611;X-SRC-0612,X-SRC-0614,,X-CLM-0038,,L,L,기각,Codex 단독 — Codex 자체 기각 유지(KIS '유일 경로' 미입증·제3자 제한 존재) — Claude도 유일성 주장 없음
F-CLM-0119,MTS 사용 자체가 초보 투자자의 과잉거래와 손실을 유발한다,F,all,X-SRC-0203,X-SRC-0201;X-SRC-0213,,X-CLM-0039,,L,L,기각,"Codex 단독 — MTS 채널의 인과 효과 — C-CLM-0204(거래빈도-성과 상관 관찰)와 명제 구분: 관찰은 채택, 채널 인과는 쟁점 유지(연구자도 선택효과 명시); Codex 재검증: 연구가 선택효과와 인과효과를 구분하지 못하므로 MTS 자체가 손실을 유발한다는 명제는 채택하지 않음"
F-CLM-0120,20대 또는 소액 계좌는 곧 초보 투자자다,F,all,X-SRC-0201;X-SRC-0204;X-SRC-0206,X-SRC-0214,,X-CLM-0040,,H,H,기각,Codex 단독 — '20대·소액=초보' 기각 유지 — C-CLM-0212(다축 정의)와 정합(수렴 기각)
F-CLM-0121,개인화 종목 추천을 제공하면 초보 투자자의 장기 성과가 개선된다,H,all,X-SRC-0401;X-SRC-0417,X-SRC-0415;X-SRC-0416;X-SRC-0501;X-SRC-0502,,X-CLM-0041,,L,L,기각,Codex 단독 — 개인화 추천의 성과 개선 주장 기각 유지 — C-CLM-0513·0710 제외 결정과 정합(수렴 기각)
F-CLM-0122,금융자산·예탁자산·계좌 수·플랫폼 MAU·월간 거래 고객·커뮤니티 MAU는 정의와 기준일이 다른 지표이므로 합치거나 하나의 성장 시계열로 해석하면 안 된다.,I,business,X-SRC-0103;X-SRC-0104;X-SRC-0111;X-SRC-0112;X-SRC-0115;X-SRC-0116,,,X-CLM-0042,,H,H,채택,Codex 단독 — 지표 혼동 금지 가드 — C-CLM-0108·0115 수치 해석에 적용(예탁자산 10조(26.1)→20조(26.5) 기준일 구분). KIND 원문 확인으로 보강; Codex 재검증: 공식 제목의 예탁자산 15조·20조와 다른 금융자산 지표를 구분
F-CLM-0123,공개 홈페이지에서 확인한 기능과 안내가 현재 앱의 모든 사용자에게 동일하게 노출된다,F,all,X-SRC-0117;X-SRC-0118;X-SRC-0119;X-SRC-0120;X-SRC-0121,,,X-CLM-0043,,L,L,기각,Codex 단독 — '공개 웹 기능=전체 사용자 동일 노출' 가정 기각 유지 — C-CLM-0403·0412의 '실기기 확인 필요' 노트와 정합(수렴 기각)
