source_id,app,app_id,platform,country,review_id,rating,review_date,stratum,auto_themes,human_audited,human_relevance,human_themes,review_excerpt,url,accessed_at_kst,limitations
X-SRC-03001,kakaopay,com.kakaopay.app,Google Play,KR,4f40c6f1-5afd-402d-a6f6-b60755583901,1,2026-07-08,neg,information|portfolio_history,Y,Y,information|portfolio_history,증권 etf 종목 설명이 없음. dram 뭔데?,https://play.google.com/store/apps/details?id=com.kakaopay.app&hl=ko&gl=KR&reviewId=4f40c6f1-5afd-402d-a6f6-b60755583901,2026-07-16,Recent-1y stratified convenience sample from latest-5000; super-app and self-selection bias; do not generalize theme shares.
X-SRC-03002,kakaopay,com.kakaopay.app,Google Play,KR,52592a4a-f841-451f-98dd-aef4bc7c4c76,2,2026-06-30,neg,decision_risk|navigation_ux,N,,,증권탭 왜안열려요? 매도해야하는데 빨리 해결해주세요 아진짜..,https://play.google.com/store/apps/details?id=com.kakaopay.app&hl=ko&gl=KR&reviewId=52592a4a-f841-451f-98dd-aef4bc7c4c76,2026-07-16,Recent-1y stratified convenience sample from latest-5000; super-app and self-selection bias; do not generalize theme shares.
X-SRC-03003,kakaopay,com.kakaopay.app,Google Play,KR,a65292de-fa71-4612-a235-5b7f44a52fce,1,2026-06-23,neg,navigation_ux,N,,,"ISA계좌로 투자하려는 경우 홈에서 몇번더 경로를 거쳐야 원하는 곳에 투자가 가능합니다. 증권 홈에서 바로 관심탭을 누르고 투자할 수 있는 것처럼,",https://play.google.com/store/apps/details?id=com.kakaopay.app&hl=ko&gl=KR&reviewId=a65292de-fa71-4612-a235-5b7f44a52fce,2026-07-16,Recent-1y stratified convenience sample from latest-5000; super-app and self-selection bias; do not generalize theme shares.
X-SRC-03004,kakaopay,com.kakaopay.app,Google Play,KR,f9c06a0a-301f-4622-bbeb-6c291f4eff0e,1,2026-06-08,neg,social,N,,,"증권 > 토론방에서 그렇게 광고 신고를 했으면 좀 글씨 차단 하는거 없나여? ""주식정거장"" 좀 그만 보면 좋겠는데.. 죄다 토론 방들마다",https://play.google.com/store/apps/details?id=com.kakaopay.app&hl=ko&gl=KR&reviewId=f9c06a0a-301f-4622-bbeb-6c291f4eff0e,2026-07-16,Recent-1y stratified convenience sample from latest-5000; super-app and self-selection bias; do not generalize theme shares.
X-SRC-03005,kakaopay,com.kakaopay.app,Google Play,KR,9af97d15-5de8-4187-afff-920752fddb78,1,2026-06-04,neg,other_trade,N,,,사기 아냐 주식모으기 인가 자동 인출 자동구매하네 사기다,https://play.google.com/store/apps/details?id=com.kakaopay.app&hl=ko&gl=KR&reviewId=9af97d15-5de8-4187-afff-920752fddb78,2026-07-16,Recent-1y stratified convenience sample from latest-5000; super-app and self-selection bias; do not generalize theme shares.
X-SRC-03006,kakaopay,com.kakaopay.app,Google Play,KR,9de6b35b-5592-4867-b6ef-97cdf9d62ecd,1,2026-05-26,neg,information,Y,Y,information,아니 주식..나도모르는사이에 상폐가되고있는데 상폐전에 왜 알림안줘요? 알림도안줄거면서 카톡친구추가는 뭐하러하는거야ㅡㅡ,https://play.google.com/store/apps/details?id=com.kakaopay.app&hl=ko&gl=KR&reviewId=9de6b35b-5592-4867-b6ef-97cdf9d62ecd,2026-07-16,Recent-1y stratified convenience sample from latest-5000; super-app and self-selection bias; do not generalize theme shares.
X-SRC-03007,kakaopay,com.kakaopay.app,Google Play,KR,186becdb-cda7-4883-8345-4dbc4cbdec7b,1,2026-05-22,neg,decision_risk|execution_order|portfolio_history,N,,,카카오증권 주식거래할때 왜 예상평단가 없어짐? 걍 업뎃하지말자쫌 돌려놔요 빨리,https://play.google.com/store/apps/details?id=com.kakaopay.app&hl=ko&gl=KR&reviewId=186becdb-cda7-4883-8345-4dbc4cbdec7b,2026-07-16,Recent-1y stratified convenience sample from latest-5000; super-app and self-selection bias; do not generalize theme shares.
X-SRC-03008,kakaopay,com.kakaopay.app,Google Play,KR,1003d323-d867-4991-a84a-c8f0157ce828,1,2026-05-15,neg,execution_order|information|social,N,,,"진짜 똑같은 증권 뉴스, 커뮤니티 알림을 몇번을 보내는 겁니까 한 번만 보내면 되지 그리고 주식 체결 알림은 왜 이렇게 늦게",https://play.google.com/store/apps/details?id=com.kakaopay.app&hl=ko&gl=KR&reviewId=1003d323-d867-4991-a84a-c8f0157ce828,2026-07-16,Recent-1y stratified convenience sample from latest-5000; super-app and self-selection bias; do not generalize theme shares.
X-SRC-03009,kakaopay,com.kakaopay.app,Google Play,KR,e66ba19a-127b-409c-9d8e-41e72fc015a6,2,2026-05-04,neg,navigation_ux,N,,,토스증권 쓰다가 isa 때문에 가끔 쓰게 되었는데 이래저래 불편하네요. ui는 토스 따라가기 쉽지 않은 것 같습니다.,https://play.google.com/store/apps/details?id=com.kakaopay.app&hl=ko&gl=KR&reviewId=e66ba19a-127b-409c-9d8e-41e72fc015a6,2026-07-16,Recent-1y stratified convenience sample from latest-5000; super-app and self-selection bias; do not generalize theme shares.
X-SRC-03010,kakaopay,com.kakaopay.app,Google Play,KR,fbe8615a-ab66-453d-bf57-d1d598cf1d2f,1,2026-04-21,neg,decision_risk|execution_order|settlement_cost,N,,,아니.... 카카오증권 소수점구매 10분단위로 바꾼거 생각이 있으신거 맞아요??? 내가 구매한 시점 가격을 원해서 실시간으로 소수점구매를 하는건데 내가 원하지도 않는 가격에,https://play.google.com/store/apps/details?id=com.kakaopay.app&hl=ko&gl=KR&reviewId=fbe8615a-ab66-453d-bf57-d1d598cf1d2f,2026-07-16,Recent-1y stratified convenience sample from latest-5000; super-app and self-selection bias; do not generalize theme shares.
X-SRC-03011,kakaopay,com.kakaopay.app,Google Play,KR,2d6ee50a-29db-4a32-86ac-4b509bd9d4a7,1,2026-04-09,neg,support|navigation_ux,Y,Y,support|navigation_ux,"폰트가 시스템폰트와 앱폰트와 통일성이 없어요. 불편합니다. 특히 증권은 심해요. 카카오페이, 증권 고객센터에 문의해도 형식적인 답변이에요.",https://play.google.com/store/apps/details?id=com.kakaopay.app&hl=ko&gl=KR&reviewId=2d6ee50a-29db-4a32-86ac-4b509bd9d4a7,2026-07-16,Recent-1y stratified convenience sample from latest-5000; super-app and self-selection bias; do not generalize theme shares.
X-SRC-03012,kakaopay,com.kakaopay.app,Google Play,KR,0daed4bd-7706-4b90-adf7-d9d6860d6449,2,2026-04-03,neg,execution_order,N,,,호가창 체결강도를 왜 삭제함 빨리 다시 복구 ㄱㄱㄱ,https://play.google.com/store/apps/details?id=com.kakaopay.app&hl=ko&gl=KR&reviewId=0daed4bd-7706-4b90-adf7-d9d6860d6449,2026-07-16,Recent-1y stratified convenience sample from latest-5000; super-app and self-selection bias; do not generalize theme shares.
X-SRC-03013,kakaopay,com.kakaopay.app,Google Play,KR,e8b13dc7-abe9-4f28-92e5-611544598932,1,2026-03-20,neg,execution_order|information|reliability|portfolio_history|navigation_ux,N,,,"아...증권 ui대체 왜 이렇게 바꾼거죠? 버튼들을 상단으로 올려놔서 빠르게 대처하기도 힘들어졌어요. 더 웃긴건 예시로 아무 주식 들어가서 정보,차트, 호가, 보유",https://play.google.com/store/apps/details?id=com.kakaopay.app&hl=ko&gl=KR&reviewId=e8b13dc7-abe9-4f28-92e5-611544598932,2026-07-16,Recent-1y stratified convenience sample from latest-5000; super-app and self-selection bias; do not generalize theme shares.
X-SRC-03014,kakaopay,com.kakaopay.app,Google Play,KR,a9a2c98a-516f-40e6-98b8-e64560c80386,1,2026-03-14,neg,execution_order|information|navigation_ux,N,,,이전버전으로 ui돌려요 주식 주문창에서 차트로 바로 이동이 안되서 불편해요,https://play.google.com/store/apps/details?id=com.kakaopay.app&hl=ko&gl=KR&reviewId=a9a2c98a-516f-40e6-98b8-e64560c80386,2026-07-16,Recent-1y stratified convenience sample from latest-5000; super-app and self-selection bias; do not generalize theme shares.
X-SRC-03015,kakaopay,com.kakaopay.app,Google Play,KR,8cfd2d60-6bae-4a05-856b-cd8355310603,1,2026-03-13,neg,information|reliability|support|navigation_ux,N,,,"증권 페이지에 이벤트 배너를 넣을거면 위치를 고정시켜라. 새로고침 마다 한박자 늦게, 다른 ui 밀면서 띄워서 클릭미스 유도하는거 진짜 감탄스러울정도로 졸렬하다.",https://play.google.com/store/apps/details?id=com.kakaopay.app&hl=ko&gl=KR&reviewId=8cfd2d60-6bae-4a05-856b-cd8355310603,2026-07-16,Recent-1y stratified convenience sample from latest-5000; super-app and self-selection bias; do not generalize theme shares.
X-SRC-03016,kakaopay,com.kakaopay.app,Google Play,KR,1e39d04f-e5fd-44c0-812b-3692149d70fa,2,2026-03-06,neg,information|reliability|navigation_ux,Y,Y,information|reliability|navigation_ux,"시간이 생명인 주식판에서 앱 접속이 원활하지 않다는게 하루에도 몇번씩 뜨고, 정보 갱신되는것도 자주 에러떠서 안되고, 앱이 왜이럽니까? 이정도면 서버 증설을",https://play.google.com/store/apps/details?id=com.kakaopay.app&hl=ko&gl=KR&reviewId=1e39d04f-e5fd-44c0-812b-3692149d70fa,2026-07-16,Recent-1y stratified convenience sample from latest-5000; super-app and self-selection bias; do not generalize theme shares.
X-SRC-03017,kakaopay,com.kakaopay.app,Google Play,KR,7eedc69d-c5a5-40d4-89b8-decc88e443e4,1,2026-02-27,neg,reliability,N,,,9시에 주식 장열리는데 그때부터 서버오류나는 증권앱ㅋㅋㅋ,https://play.google.com/store/apps/details?id=com.kakaopay.app&hl=ko&gl=KR&reviewId=7eedc69d-c5a5-40d4-89b8-decc88e443e4,2026-07-16,Recent-1y stratified convenience sample from latest-5000; super-app and self-selection bias; do not generalize theme shares.
X-SRC-03018,kakaopay,com.kakaopay.app,Google Play,KR,78ff7b81-0458-451a-be07-0b6121afb042,2,2026-02-27,neg,reliability,N,,,주식 몰리면 접속안됨 제발 서버좀 늘립시다,https://play.google.com/store/apps/details?id=com.kakaopay.app&hl=ko&gl=KR&reviewId=78ff7b81-0458-451a-be07-0b6121afb042,2026-07-16,Recent-1y stratified convenience sample from latest-5000; super-app and self-selection bias; do not generalize theme shares.
X-SRC-03019,kakaopay,com.kakaopay.app,Google Play,KR,bdb629d3-addc-43d7-aadf-d6e117240985,2,2026-02-27,neg,reliability,N,,,아... 걸핏하면 접속 오류 나는데.. 이거.. 증권 어플이 이러면 어떻게요,https://play.google.com/store/apps/details?id=com.kakaopay.app&hl=ko&gl=KR&reviewId=bdb629d3-addc-43d7-aadf-d6e117240985,2026-07-16,Recent-1y stratified convenience sample from latest-5000; super-app and self-selection bias; do not generalize theme shares.
X-SRC-03020,kakaopay,com.kakaopay.app,Google Play,KR,9c6dc8e2-e975-4c9b-8f19-278b41b4114b,1,2026-02-27,neg,decision_risk|reliability,N,,,증권서버오류 이거 실화? 매도 못하는데 손해는 커지고 욕나옴,https://play.google.com/store/apps/details?id=com.kakaopay.app&hl=ko&gl=KR&reviewId=9c6dc8e2-e975-4c9b-8f19-278b41b4114b,2026-07-16,Recent-1y stratified convenience sample from latest-5000; super-app and self-selection bias; do not generalize theme shares.
X-SRC-03021,kakaopay,com.kakaopay.app,Google Play,KR,2cf95377-fbb6-45f1-b85a-9f0a921170f2,1,2026-02-19,neg,other_trade,Y,Y,decision_risk|execution_order|reliability,연금저축계좌 수익 많이나서 팔려는데 주식없다고 팔기가 안뜨는건 뭐고 빨리고쳐라 임마들아 내돈 녹는다고,https://play.google.com/store/apps/details?id=com.kakaopay.app&hl=ko&gl=KR&reviewId=2cf95377-fbb6-45f1-b85a-9f0a921170f2,2026-07-16,Recent-1y stratified convenience sample from latest-5000; super-app and self-selection bias; do not generalize theme shares.
X-SRC-03022,kakaopay,com.kakaopay.app,Google Play,KR,c5f14fb3-8019-4f87-a080-c320d6da0a0e,1,2026-02-19,neg,decision_risk|navigation_ux,N,,,주식장이 열렸는데 매도버튼을 없에버려서 팔지를 못하게 하네 ㅋㅋㅋ 실시간으로 가격은 떨어지고 있는데 보고만 있어야 하다니 팔지 못해서 발생한 내 손해는,https://play.google.com/store/apps/details?id=com.kakaopay.app&hl=ko&gl=KR&reviewId=c5f14fb3-8019-4f87-a080-c320d6da0a0e,2026-07-16,Recent-1y stratified convenience sample from latest-5000; super-app and self-selection bias; do not generalize theme shares.
X-SRC-03023,kakaopay,com.kakaopay.app,Google Play,KR,6943bc62-37df-4891-9d88-667872ab98fe,2,2026-02-19,neg,reliability,N,,,먹통이네요 주식 관련 오늘 몰릴거 예상했을텐데 서버 관리 안하시나요 바꿔야 되나,https://play.google.com/store/apps/details?id=com.kakaopay.app&hl=ko&gl=KR&reviewId=6943bc62-37df-4891-9d88-667872ab98fe,2026-07-16,Recent-1y stratified convenience sample from latest-5000; super-app and self-selection bias; do not generalize theme shares.
X-SRC-03024,kakaopay,com.kakaopay.app,Google Play,KR,bcd91f94-35d8-4d4d-82ad-329cc49a6e98,1,2026-02-19,neg,reliability,N,,,서버가 수시로 렉 걸리고 하자가 굉장히 많습니다.. 절대 사용해선 안될 어플이네요.. 투자금들 빼는대로 옮기던가 해야지 하.. 이걸 어떻게 쓰라는건지..,https://play.google.com/store/apps/details?id=com.kakaopay.app&hl=ko&gl=KR&reviewId=bcd91f94-35d8-4d4d-82ad-329cc49a6e98,2026-07-16,Recent-1y stratified convenience sample from latest-5000; super-app and self-selection bias; do not generalize theme shares.
X-SRC-03025,kakaopay,com.kakaopay.app,Google Play,KR,a4a35c37-c7e1-41a4-bfe4-7ad9f184e24b,1,2026-01-22,neg,decision_risk,N,,,아니 왜 안들어가지냐고 홈페이지도 상승 알람와서 매도하려고 했는데 이거 누가 보상해줌?????????????????????????????????,https://play.google.com/store/apps/details?id=com.kakaopay.app&hl=ko&gl=KR&reviewId=a4a35c37-c7e1-41a4-bfe4-7ad9f184e24b,2026-07-16,Recent-1y stratified convenience sample from latest-5000; super-app and self-selection bias; do not generalize theme shares.
X-SRC-03026,kakaopay,com.kakaopay.app,Google Play,KR,1500bd51-96be-4448-a2c4-2058f0cf1478,1,2026-01-22,neg,decision_risk|reliability,Y,Y,decision_risk|reliability,"혹시 주식하려면 카카오페이 쓰지말고 기존 미래,나무,삼성 중 하나써라 카카오 앱이 무겁고 결정적일때 일시적오류 떠서 어플 재설치해도 똑같고 미쳐버림... 제때 매도",https://play.google.com/store/apps/details?id=com.kakaopay.app&hl=ko&gl=KR&reviewId=1500bd51-96be-4448-a2c4-2058f0cf1478,2026-07-16,Recent-1y stratified convenience sample from latest-5000; super-app and self-selection bias; do not generalize theme shares.
X-SRC-03027,kakaopay,com.kakaopay.app,Google Play,KR,d691d290-5910-4d6f-93ae-78dbe423250e,1,2026-01-22,neg,reliability|support,N,,,일시적오류라면서 다시 재설치해도 안들어가지고 30분째 이러고있는데 주식 제 때 못팔아서 손해본건 어떡할건가요 너무 화나네요 고객센터 연결도안되고,https://play.google.com/store/apps/details?id=com.kakaopay.app&hl=ko&gl=KR&reviewId=d691d290-5910-4d6f-93ae-78dbe423250e,2026-07-16,Recent-1y stratified convenience sample from latest-5000; super-app and self-selection bias; do not generalize theme shares.
X-SRC-03028,kakaopay,com.kakaopay.app,Google Play,KR,37e15f61-16d5-4e4e-9050-b73c8a38c550,1,2026-01-22,neg,decision_risk|settlement_cost|reliability,N,,,아 진짜 별 한개도 아깝네 ㅡㅡ 주식해야하는데 서버 자꾸 터져서 로그인도 안돼서 재설치중.. 이거 손실나면 책임져줄겁니까?! 이럴 거면 수수료 왜받아요,https://play.google.com/store/apps/details?id=com.kakaopay.app&hl=ko&gl=KR&reviewId=37e15f61-16d5-4e4e-9050-b73c8a38c550,2026-07-16,Recent-1y stratified convenience sample from latest-5000; super-app and self-selection bias; do not generalize theme shares.
X-SRC-03029,kakaopay,com.kakaopay.app,Google Play,KR,0e389c8f-3aaa-4ab0-a534-e60d92c7a5f3,1,2026-01-13,neg,other_trade,N,,,아니 모든 알람 다 꺼놨는데 며칠전부터 왜 자꾸 주식광고 팝업 뜸 ??? 나 주식안한다고 ㅡㅡ,https://play.google.com/store/apps/details?id=com.kakaopay.app&hl=ko&gl=KR&reviewId=0e389c8f-3aaa-4ab0-a534-e60d92c7a5f3,2026-07-16,Recent-1y stratified convenience sample from latest-5000; super-app and self-selection bias; do not generalize theme shares.
X-SRC-03030,kakaopay,com.kakaopay.app,Google Play,KR,a8a635db-3cb8-43cb-9958-9eb3bdbc1205,1,2026-01-04,neg,information|social,N,,,방해금지모드를 뚫고 소리나는 알림은 어떻게 된걸까요? 알림 내용도 겨우 주식 커뮤니티 이야기인데 ?,https://play.google.com/store/apps/details?id=com.kakaopay.app&hl=ko&gl=KR&reviewId=a8a635db-3cb8-43cb-9958-9eb3bdbc1205,2026-07-16,Recent-1y stratified convenience sample from latest-5000; super-app and self-selection bias; do not generalize theme shares.
X-SRC-03031,kakaopay,com.kakaopay.app,Google Play,KR,0f7ccf92-df7f-41ff-8570-2263cf397564,1,2025-12-13,neg,information,Y,Y,information,결제 빼고 모든 알림을 꺼도 주식 알림이 온다,https://play.google.com/store/apps/details?id=com.kakaopay.app&hl=ko&gl=KR&reviewId=0f7ccf92-df7f-41ff-8570-2263cf397564,2026-07-16,Recent-1y stratified convenience sample from latest-5000; super-app and self-selection bias; do not generalize theme shares.
X-SRC-03032,kakaopay,com.kakaopay.app,Google Play,KR,9aec7588-0a02-4c9c-bf1a-4bf7e8f23fb5,1,2025-11-17,neg,execution_order|settlement_cost|reliability,N,,,"내 인생 최악의 증권 어플 전산오류 사과 끝, 캡쳐 못한 사람들은 아무런 보상도 못받고 눈뜨고 코베였음 거래 수수료 업계 최하",https://play.google.com/store/apps/details?id=com.kakaopay.app&hl=ko&gl=KR&reviewId=9aec7588-0a02-4c9c-bf1a-4bf7e8f23fb5,2026-07-16,Recent-1y stratified convenience sample from latest-5000; super-app and self-selection bias; do not generalize theme shares.
X-SRC-03033,kakaopay,com.kakaopay.app,Google Play,KR,35cf17d4-3322-4106-a25b-537755aa47a2,1,2025-10-31,neg,settlement_cost,N,,,환전 24시간 안되는거 좀 고쳐주세요 토스는 24시간 환전 가능 우대시간대 적용인데 카카오페이는 우대 수수료도 비싼 와중에 환전도 24시간이 아닌 이유가,https://play.google.com/store/apps/details?id=com.kakaopay.app&hl=ko&gl=KR&reviewId=35cf17d4-3322-4106-a25b-537755aa47a2,2026-07-16,Recent-1y stratified convenience sample from latest-5000; super-app and self-selection bias; do not generalize theme shares.
X-SRC-03034,kakaopay,com.kakaopay.app,Google Play,KR,a50e5204-70f4-43e2-afd0-7000a16d92c4,1,2025-10-10,neg,reliability,N,,,리뷰 1점도 아깝다 주식 팔아야하는데 fix되었습니다 창 뜨면서 거의 한시간내내 오류뜨는게 말이되나? 그거때문에 손해본거 어떻게 책임질거냐,https://play.google.com/store/apps/details?id=com.kakaopay.app&hl=ko&gl=KR&reviewId=a50e5204-70f4-43e2-afd0-7000a16d92c4,2026-07-16,Recent-1y stratified convenience sample from latest-5000; super-app and self-selection bias; do not generalize theme shares.
X-SRC-03035,kakaopay,com.kakaopay.app,Google Play,KR,1035b8eb-9eb0-4790-a620-201311017645,1,2025-10-08,neg,decision_risk|execution_order|information|reliability,N,,,페이결제 알림도 안 오고 송금 알림도 안 오고 주식거래 알림은 왔다가 안 왔다가 지맘대로에 주식시장가 판매했더니 판매도 안 돼 취소도,https://play.google.com/store/apps/details?id=com.kakaopay.app&hl=ko&gl=KR&reviewId=1035b8eb-9eb0-4790-a620-201311017645,2026-07-16,Recent-1y stratified convenience sample from latest-5000; super-app and self-selection bias; do not generalize theme shares.
X-SRC-03036,kakaopay,com.kakaopay.app,Google Play,KR,95177087-abd4-4f79-affc-a7d463837a22,1,2025-10-08,neg,execution_order,Y,Y,execution_order,주식을 주문했더니 시드만 사라지는 매직,https://play.google.com/store/apps/details?id=com.kakaopay.app&hl=ko&gl=KR&reviewId=95177087-abd4-4f79-affc-a7d463837a22,2026-07-16,Recent-1y stratified convenience sample from latest-5000; super-app and self-selection bias; do not generalize theme shares.
X-SRC-03037,kakaopay,com.kakaopay.app,Google Play,KR,9cef2ebc-1ba4-4e57-a60b-d8a975b789f5,1,2025-10-07,neg,other_trade,N,,,카카오페이 미국주식 열리고 나서 렉 진짜 장난아님... 돈 들고 다른데가서 투자해야겠다 ㅡㅡ,https://play.google.com/store/apps/details?id=com.kakaopay.app&hl=ko&gl=KR&reviewId=9cef2ebc-1ba4-4e57-a60b-d8a975b789f5,2026-07-16,Recent-1y stratified convenience sample from latest-5000; super-app and self-selection bias; do not generalize theme shares.
X-SRC-03038,kakaopay,com.kakaopay.app,Google Play,KR,dc39e27a-fcdf-43f4-890d-e7b5eb8111a6,1,2025-10-07,neg,reliability,N,,,앱관리안하세요? 서버다운걸리는데 빨리풀어주세요 1분1초가중요합니다 주식시장열렷는데,https://play.google.com/store/apps/details?id=com.kakaopay.app&hl=ko&gl=KR&reviewId=dc39e27a-fcdf-43f4-890d-e7b5eb8111a6,2026-07-16,Recent-1y stratified convenience sample from latest-5000; super-app and self-selection bias; do not generalize theme shares.
X-SRC-03039,kakaopay,com.kakaopay.app,Google Play,KR,57f9f734-c860-450c-a456-9368e3968458,2,2025-09-03,neg,information|navigation_ux,N,,,글자 코딱지 만해서 눈 아파 뒤지겠네 도대체 왜 개선이 안되는 거지? 다른 건 그런대로 볼만 한데 뉴스 기사 글씨가 작아서,https://play.google.com/store/apps/details?id=com.kakaopay.app&hl=ko&gl=KR&reviewId=57f9f734-c860-450c-a456-9368e3968458,2026-07-16,Recent-1y stratified convenience sample from latest-5000; super-app and self-selection bias; do not generalize theme shares.
X-SRC-03040,kakaopay,com.kakaopay.app,Google Play,KR,11aeece2-20e6-42bc-8c8b-06ecb4917f4b,1,2025-07-30,neg,information,N,,,앱 꼬라지 하고는.. 어느 순간 증권홈 가격 앞 차트가 사라지더니 이제는 주식 그룹이동시 페이지 넘김도 안되고.. 툭 하면 삭제후 제,https://play.google.com/store/apps/details?id=com.kakaopay.app&hl=ko&gl=KR&reviewId=11aeece2-20e6-42bc-8c8b-06ecb4917f4b,2026-07-16,Recent-1y stratified convenience sample from latest-5000; super-app and self-selection bias; do not generalize theme shares.
X-SRC-03041,kakaopay,com.kakaopay.app,Google Play,KR,008cdc8f-debc-47c0-b2bc-f7a237486e22,1,2025-07-16,neg,reliability,Y,Y,reliability,자꾸 강제앱종료가 되어서 지금 주식에 접속할수가 없어요. 매일 다시깔게하고 너무 짜증나네요.,https://play.google.com/store/apps/details?id=com.kakaopay.app&hl=ko&gl=KR&reviewId=008cdc8f-debc-47c0-b2bc-f7a237486e22,2026-07-16,Recent-1y stratified convenience sample from latest-5000; super-app and self-selection bias; do not generalize theme shares.
X-SRC-03042,kakaopay,com.kakaopay.app,Google Play,KR,2eea9b12-91f4-42b3-aa03-83a45118777f,3,2026-07-05,neu,reliability,N,,,카카오페이증권 ai인사이트 클릭하고 콘텐츠 클릭하면 로딩중만 뜨고 아무것도안뜹니다.,https://play.google.com/store/apps/details?id=com.kakaopay.app&hl=ko&gl=KR&reviewId=2eea9b12-91f4-42b3-aa03-83a45118777f,2026-07-16,Recent-1y stratified convenience sample from latest-5000; super-app and self-selection bias; do not generalize theme shares.
X-SRC-03043,kakaopay,com.kakaopay.app,Google Play,KR,2d7be589-afed-430a-8bd4-7846413d6b8f,3,2026-07-01,neu,information|settlement_cost|portfolio_history,N,,,배당내역에서 계속적으록 같은종목이두번씩배당받은걸로표시되네요 확인부탁드립니다,https://play.google.com/store/apps/details?id=com.kakaopay.app&hl=ko&gl=KR&reviewId=2d7be589-afed-430a-8bd4-7846413d6b8f,2026-07-16,Recent-1y stratified convenience sample from latest-5000; super-app and self-selection bias; do not generalize theme shares.
X-SRC-03044,kakaopay,com.kakaopay.app,Google Play,KR,e036c558-2b51-40c5-afb3-c133405c9b11,3,2026-06-17,neu,other_trade,N,,,자꾸 버그로 앱이 종료된다고 떠요 주식창이 자꾸 꺼져요!!!!!!!!ㅜㅜ,https://play.google.com/store/apps/details?id=com.kakaopay.app&hl=ko&gl=KR&reviewId=e036c558-2b51-40c5-afb3-c133405c9b11,2026-07-16,Recent-1y stratified convenience sample from latest-5000; super-app and self-selection bias; do not generalize theme shares.
X-SRC-03045,kakaopay,com.kakaopay.app,Google Play,KR,5c1928ef-02fd-4f1a-8d40-53e132b55a9a,3,2026-06-09,neu,other_trade,N,,,토스처럼 애프터마켓종가로 내 주식 수익을 보여줘야지 정규장종가로 수익을 계산하니 많이 헷갈림.분명히 애프터마켓에서 상승해서 플러스 수익인데 마이너스로 보여주니 그냥 앱을 사용하기가,https://play.google.com/store/apps/details?id=com.kakaopay.app&hl=ko&gl=KR&reviewId=5c1928ef-02fd-4f1a-8d40-53e132b55a9a,2026-07-16,Recent-1y stratified convenience sample from latest-5000; super-app and self-selection bias; do not generalize theme shares.
X-SRC-03046,kakaopay,com.kakaopay.app,Google Play,KR,71f4ec3f-d54a-4e9b-934f-e3347af470eb,3,2026-05-29,neu,execution_order|information,Y,Y,execution_order|information,앱실행후 주식 현재가보기등 초기 반응이 너무 느립니다.느리다못해 불러오지 못하는 경우도 있습니다. 어찌 주문창은 그래도 그보단 빨리 열리긴 하는데..뭔가 요즘은 너무,https://play.google.com/store/apps/details?id=com.kakaopay.app&hl=ko&gl=KR&reviewId=71f4ec3f-d54a-4e9b-934f-e3347af470eb,2026-07-16,Recent-1y stratified convenience sample from latest-5000; super-app and self-selection bias; do not generalize theme shares.
X-SRC-03047,kakaopay,com.kakaopay.app,Google Play,KR,9a69b61a-072c-410f-a912-385bbe9310bf,3,2026-05-06,neu,execution_order,N,,,이거 어제 오늘도 아니고. . 주식에서. . 내가 주문한 내용은 반영 되지 않는 경우가 많아서 답답.. 스탤스 주문이 되는 가운데,https://play.google.com/store/apps/details?id=com.kakaopay.app&hl=ko&gl=KR&reviewId=9a69b61a-072c-410f-a912-385bbe9310bf,2026-07-16,Recent-1y stratified convenience sample from latest-5000; super-app and self-selection bias; do not generalize theme shares.
X-SRC-03048,kakaopay,com.kakaopay.app,Google Play,KR,685ba4ad-d88e-48a6-8905-14c5a3af79af,3,2026-04-30,neu,settlement_cost|navigation_ux,N,,,예수금을 어디서 확인되나요 일주일을 찾아도 찾을수가 없네요,https://play.google.com/store/apps/details?id=com.kakaopay.app&hl=ko&gl=KR&reviewId=685ba4ad-d88e-48a6-8905-14c5a3af79af,2026-07-16,Recent-1y stratified convenience sample from latest-5000; super-app and self-selection bias; do not generalize theme shares.
X-SRC-03049,kakaopay,com.kakaopay.app,Google Play,KR,73695f69-d00e-42de-8a43-6919b2398e0d,3,2026-04-29,neu,portfolio_history|social|navigation_ux,N,,,갤럭시 Z 폴드7 기기에서 증권 부분 관심종목 발견 커뮤니티 등 대체적으로 폰트 사이즈가 너무 작아요 토스증권 앱 참고해서 개선 바랍니다,https://play.google.com/store/apps/details?id=com.kakaopay.app&hl=ko&gl=KR&reviewId=73695f69-d00e-42de-8a43-6919b2398e0d,2026-07-16,Recent-1y stratified convenience sample from latest-5000; super-app and self-selection bias; do not generalize theme shares.
X-SRC-03050,kakaopay,com.kakaopay.app,Google Play,KR,7a0a5171-200b-4e37-8e6a-c1f924fd1ef3,3,2026-04-12,neu,information|portfolio_history,N,,,카카오페이증권 쓰고 있는데 아쉬운점은 각 주식별로 보유비중을 알수 없다는거에요. 개선 좀 부탁 드려요. 토스나 다른 증권앱들은 다 되는데 토스 많이,https://play.google.com/store/apps/details?id=com.kakaopay.app&hl=ko&gl=KR&reviewId=7a0a5171-200b-4e37-8e6a-c1f924fd1ef3,2026-07-16,Recent-1y stratified convenience sample from latest-5000; super-app and self-selection bias; do not generalize theme shares.
X-SRC-03051,kakaopay,com.kakaopay.app,Google Play,KR,f45e39f4-762e-4d39-bb17-3a6d7e100bf5,3,2026-04-07,neu,support,Y,Y,support,카카오페이 몇년째 사용중인데 요즘 상태가 많이 않좋아졌어요 증권도 하고 포인트 모으기도 하면서 시간날때면 항상 페이앱을 열어놓고 있는데 5분정도 사용하면 앱이,https://play.google.com/store/apps/details?id=com.kakaopay.app&hl=ko&gl=KR&reviewId=f45e39f4-762e-4d39-bb17-3a6d7e100bf5,2026-07-16,Recent-1y stratified convenience sample from latest-5000; super-app and self-selection bias; do not generalize theme shares.
X-SRC-03052,kakaopay,com.kakaopay.app,Google Play,KR,54f83fb0-e8f7-48e7-a59a-4bd07c1ca4c4,3,2026-03-16,neu,decision_risk|execution_order|portfolio_history,N,,,증권 호가주문에 내 수익률 퍼센트나오면 좋겠네요 폰으로밖에 못하니까 일반주문들어가서 퍼센트보고팔려고하면 주문 늦어져서 3틱4틱밀릴때가있어서요,https://play.google.com/store/apps/details?id=com.kakaopay.app&hl=ko&gl=KR&reviewId=54f83fb0-e8f7-48e7-a59a-4bd07c1ca4c4,2026-07-16,Recent-1y stratified convenience sample from latest-5000; super-app and self-selection bias; do not generalize theme shares.
X-SRC-03053,kakaopay,com.kakaopay.app,Google Play,KR,d6a43459-490f-4d6d-b388-315c3d4fbce9,3,2026-03-16,neu,decision_risk|support|social,N,,,카카오페이 ISA 는 원하는 가격에 매도 매수 기능이 왜 없나요? 타 증권사들은 ISA 에도 당근 스탑로스 있죠 커뮤댓글 달리는 데,https://play.google.com/store/apps/details?id=com.kakaopay.app&hl=ko&gl=KR&reviewId=d6a43459-490f-4d6d-b388-315c3d4fbce9,2026-07-16,Recent-1y stratified convenience sample from latest-5000; super-app and self-selection bias; do not generalize theme shares.
X-SRC-03054,kakaopay,com.kakaopay.app,Google Play,KR,b765114e-90b1-4a3d-aa1a-f246ab9e3401,3,2026-03-16,neu,execution_order,N,,,이제 체결강도는 안나와요? 증권사 바꿔야겠네..,https://play.google.com/store/apps/details?id=com.kakaopay.app&hl=ko&gl=KR&reviewId=b765114e-90b1-4a3d-aa1a-f246ab9e3401,2026-07-16,Recent-1y stratified convenience sample from latest-5000; super-app and self-selection bias; do not generalize theme shares.
X-SRC-03055,kakaopay,com.kakaopay.app,Google Play,KR,ba7c75f8-0078-4501-b03b-40d0a993c789,3,2026-03-07,neu,navigation_ux,N,,,"""증권-발견""탭에서 상단 부분에 코스피, 코스닥, 나스닥 등 주요 지수 부분 좌우로 스와이핑할 때 매끄럽게 안 움직여서 불편합니다. 화면을 위에서 아래로",https://play.google.com/store/apps/details?id=com.kakaopay.app&hl=ko&gl=KR&reviewId=ba7c75f8-0078-4501-b03b-40d0a993c789,2026-07-16,Recent-1y stratified convenience sample from latest-5000; super-app and self-selection bias; do not generalize theme shares.
X-SRC-03056,kakaopay,com.kakaopay.app,Google Play,KR,091744cf-1b97-4856-ab0e-2d70fca64b44,3,2026-02-27,neu,reliability|navigation_ux,Y,Y,reliability|navigation_ux,편하긴 함. 혜택도 좋고 증권도 토스처럼 ui가 괜찮으나 중요할때 서버가 터져버릴때가 꽤 있음,https://play.google.com/store/apps/details?id=com.kakaopay.app&hl=ko&gl=KR&reviewId=091744cf-1b97-4856-ab0e-2d70fca64b44,2026-07-16,Recent-1y stratified convenience sample from latest-5000; super-app and self-selection bias; do not generalize theme shares.
X-SRC-03057,kakaopay,com.kakaopay.app,Google Play,KR,4cd98713-9ad7-45a9-b37d-c77de77f28b6,3,2026-02-04,neu,decision_risk|portfolio_history|navigation_ux,N,,,카카오페이증권 사용합니다 건의사항을 전혀 안들어주는 느낌 토스나 타앱은 건의하면 개선되는 느낌이 있는데 카카오페이증권은 사실 나혼자 말하는 느낌... 토스처럼 내 수익률,https://play.google.com/store/apps/details?id=com.kakaopay.app&hl=ko&gl=KR&reviewId=4cd98713-9ad7-45a9-b37d-c77de77f28b6,2026-07-16,Recent-1y stratified convenience sample from latest-5000; super-app and self-selection bias; do not generalize theme shares.
X-SRC-03058,kakaopay,com.kakaopay.app,Google Play,KR,4b7c7351-6519-4b07-8421-49217f4e09da,3,2026-01-22,neu,reliability,N,,,지금 일시적인 오류라고 접속안되는거죠? 9시부터 30분째 접속 안돼요. 주식때문에 급한데 삭제하고 다시 깔아도 안되네요ㅡㅡ.,https://play.google.com/store/apps/details?id=com.kakaopay.app&hl=ko&gl=KR&reviewId=4b7c7351-6519-4b07-8421-49217f4e09da,2026-07-16,Recent-1y stratified convenience sample from latest-5000; super-app and self-selection bias; do not generalize theme shares.
X-SRC-03059,kakaopay,com.kakaopay.app,Google Play,KR,cd281eb7-45fd-49b0-abc9-89adb761c429,3,2026-01-20,neu,other_trade,N,,,아니 주식 알람 다 껏는데 대체 왜 등락 알람이 계속오냐고요..,https://play.google.com/store/apps/details?id=com.kakaopay.app&hl=ko&gl=KR&reviewId=cd281eb7-45fd-49b0-abc9-89adb761c429,2026-07-16,Recent-1y stratified convenience sample from latest-5000; super-app and self-selection bias; do not generalize theme shares.
X-SRC-03060,kakaopay,com.kakaopay.app,Google Play,KR,5b00131c-b1f9-48fd-9c76-a92b126db14d,3,2025-12-05,neu,execution_order,N,,,제경우는 사용하기 너무좋아요 하지만페이증권에서 주식을했는데 항공우주에서 최고가에 판매를했는데그날이 금요일인데 판매가 되어있었어요 그런데 휴일이지나 월요일에 다시검색했는데판매가 이루에지지않아서 다시 판매릀하려해도 이미주식이 너무떨어져서~,https://play.google.com/store/apps/details?id=com.kakaopay.app&hl=ko&gl=KR&reviewId=5b00131c-b1f9-48fd-9c76-a92b126db14d,2026-07-16,Recent-1y stratified convenience sample from latest-5000; super-app and self-selection bias; do not generalize theme shares.
X-SRC-03061,kakaopay,com.kakaopay.app,Google Play,KR,6e950c2f-c00c-42e1-b175-af0ae6544cd6,3,2025-12-05,neu,navigation_ux,Y,Y,navigation_ux,아씁 딴건 다 잘들어가 지는데 미국옵션 유진투자 자꾸 흰화면만 나오고 멈추네 이래서 옵션투자자 다 튀어나가겠네 진짜,https://play.google.com/store/apps/details?id=com.kakaopay.app&hl=ko&gl=KR&reviewId=6e950c2f-c00c-42e1-b175-af0ae6544cd6,2026-07-16,Recent-1y stratified convenience sample from latest-5000; super-app and self-selection bias; do not generalize theme shares.
X-SRC-03062,kakaopay,com.kakaopay.app,Google Play,KR,11884840-7140-4f61-92c3-3b924585cf4a,3,2025-10-25,neu,other_trade,N,,,Upgrade 설치후 홈 주식 메인창이 잘 안뜸,https://play.google.com/store/apps/details?id=com.kakaopay.app&hl=ko&gl=KR&reviewId=11884840-7140-4f61-92c3-3b924585cf4a,2026-07-16,Recent-1y stratified convenience sample from latest-5000; super-app and self-selection bias; do not generalize theme shares.
X-SRC-03063,kakaopay,com.kakaopay.app,Google Play,KR,ac1a296d-55e4-48ed-ad25-f55f3cd02ae6,3,2025-09-02,neu,settlement_cost|portfolio_history,Y,N,reject_cross_app_misattribution,왜 토스증권의 배당금 내역이 안뜨나요??,https://play.google.com/store/apps/details?id=com.kakaopay.app&hl=ko&gl=KR&reviewId=ac1a296d-55e4-48ed-ad25-f55f3cd02ae6,2026-07-16,Recent-1y stratified convenience sample from latest-5000; super-app and self-selection bias; do not generalize theme shares.
X-SRC-03064,kakaopay,com.kakaopay.app,Google Play,KR,28797968-8225-4c15-b241-f50c21128677,3,2025-07-23,neu,information|portfolio_history|navigation_ux,N,,,증권에서 보유주식 실시간 차트가 갑자기 왜 노출이 안될까요? 탐색에선 보이는데,https://play.google.com/store/apps/details?id=com.kakaopay.app&hl=ko&gl=KR&reviewId=28797968-8225-4c15-b241-f50c21128677,2026-07-16,Recent-1y stratified convenience sample from latest-5000; super-app and self-selection bias; do not generalize theme shares.
X-SRC-03065,kakaopay,com.kakaopay.app,Google Play,KR,840b1fbe-cae0-4964-892b-4df192da9887,4,2026-06-23,pos,execution_order|reliability,N,,,솔직히 증권앱을 따로 해주면 좋겠음 앱이 무거우니까 주식주문할때도 렉이걸려..,https://play.google.com/store/apps/details?id=com.kakaopay.app&hl=ko&gl=KR&reviewId=840b1fbe-cae0-4964-892b-4df192da9887,2026-07-16,Recent-1y stratified convenience sample from latest-5000; super-app and self-selection bias; do not generalize theme shares.
X-SRC-03066,kakaopay,com.kakaopay.app,Google Play,KR,ac0542b7-cd0b-48cc-b4b5-0953c1cad0a4,5,2026-06-10,pos,execution_order|portfolio_history,Y,Y,execution_order|portfolio_history,카카오페이 증권에서 내가 구매하고 판매한 내역을 종목별로 볼수잇엇음 좋겟어요!,https://play.google.com/store/apps/details?id=com.kakaopay.app&hl=ko&gl=KR&reviewId=ac0542b7-cd0b-48cc-b4b5-0953c1cad0a4,2026-07-16,Recent-1y stratified convenience sample from latest-5000; super-app and self-selection bias; do not generalize theme shares.
X-SRC-03067,kakaopay,com.kakaopay.app,Google Play,KR,fa7261e0-5c3a-4b0d-a550-62c5bfe0b8eb,5,2026-06-08,pos,navigation_ux,N,,,카카오페이 증권 안보이게 하고 싶다.. 숨기기 기능좀 만들어줘라 제발....,https://play.google.com/store/apps/details?id=com.kakaopay.app&hl=ko&gl=KR&reviewId=fa7261e0-5c3a-4b0d-a550-62c5bfe0b8eb,2026-07-16,Recent-1y stratified convenience sample from latest-5000; super-app and self-selection bias; do not generalize theme shares.
X-SRC-03068,kakaopay,com.kakaopay.app,Google Play,KR,0acb2519-1c79-4284-ab57-7f6dea8ab3e8,4,2026-05-23,pos,other_trade,N,,,고수들 주식산거 모으기 볼 때 현재가도 볼 수 있게 해주세요. 값을 알아야 모을지 말지 결정을 할 수 있을 것 같습니다,https://play.google.com/store/apps/details?id=com.kakaopay.app&hl=ko&gl=KR&reviewId=0acb2519-1c79-4284-ab57-7f6dea8ab3e8,2026-07-16,Recent-1y stratified convenience sample from latest-5000; super-app and self-selection bias; do not generalize theme shares.
X-SRC-03069,kakaopay,com.kakaopay.app,Google Play,KR,ffc31516-6507-489f-a2dd-9f621adb705c,4,2026-05-08,pos,portfolio_history|navigation_ux,N,,,잘쓰고있는데 주식탭 둥근 그래프로 어떤 종목 몇개있는지도 만들어주시면 안되나요? 도미노가 너무 느려서 건너왔는데 뭐가 얼마나 비중이 있는지 못보니 어렵네요ㅜㅜ,https://play.google.com/store/apps/details?id=com.kakaopay.app&hl=ko&gl=KR&reviewId=ffc31516-6507-489f-a2dd-9f621adb705c,2026-07-16,Recent-1y stratified convenience sample from latest-5000; super-app and self-selection bias; do not generalize theme shares.
X-SRC-03070,kakaopay,com.kakaopay.app,Google Play,KR,ca05d71a-d822-468c-bdfc-82cb071f0fa3,5,2026-04-11,pos,other_trade,N,,,카카오 페이만 이용하다가 카카오 증권을 같이쓰게 되었는데 왔다갔다 정신없어 어지러움 카카오 페이와 카카오 증권간 인터페이스 하는건 좋은데 분리가 필요하다고 생각,https://play.google.com/store/apps/details?id=com.kakaopay.app&hl=ko&gl=KR&reviewId=ca05d71a-d822-468c-bdfc-82cb071f0fa3,2026-07-16,Recent-1y stratified convenience sample from latest-5000; super-app and self-selection bias; do not generalize theme shares.
X-SRC-03071,kakaopay,com.kakaopay.app,Google Play,KR,befcea7e-0d25-4b57-9b9d-5bb0955fa4af,4,2026-04-09,pos,decision_risk|execution_order|social|navigation_ux,Y,Y,decision_risk|execution_order|social|navigation_ux,카카오페이증권 어플 좋아요! 정말 잘 쓰고 있습니다. 매도 매수 주문하기 쉽고 어플도 한눈에 보기 좋아 평소에 잘 쓰고 있습니다. 커뮤니티도,https://play.google.com/store/apps/details?id=com.kakaopay.app&hl=ko&gl=KR&reviewId=befcea7e-0d25-4b57-9b9d-5bb0955fa4af,2026-07-16,Recent-1y stratified convenience sample from latest-5000; super-app and self-selection bias; do not generalize theme shares.
X-SRC-03072,kakaopay,com.kakaopay.app,Google Play,KR,89223b4c-0db2-4b99-9f1a-4cd4fc3eea9f,4,2026-03-16,pos,execution_order|information|settlement_cost,N,,,카증은 다 좋은데 해외주식 정보창에서 원화 선택하면 차트나 호가창에서는 달러로만 표시되네요. 토스는 달러/원화가 둘다 표시돼서 편한데 정보/차트/호가창 등에서 원화/달러 둘다,https://play.google.com/store/apps/details?id=com.kakaopay.app&hl=ko&gl=KR&reviewId=89223b4c-0db2-4b99-9f1a-4cd4fc3eea9f,2026-07-16,Recent-1y stratified convenience sample from latest-5000; super-app and self-selection bias; do not generalize theme shares.
X-SRC-03073,kakaopay,com.kakaopay.app,Google Play,KR,e48ff75e-c61a-420c-af44-c0823cb993b2,5,2026-03-13,pos,execution_order|portfolio_history|navigation_ux,N,,,이번에 업뎃 이후에 증권 보유도 하고있지도 않은 종목에 판매버튼이 있어서 완전 이상함 빠른수정 부탁,https://play.google.com/store/apps/details?id=com.kakaopay.app&hl=ko&gl=KR&reviewId=e48ff75e-c61a-420c-af44-c0823cb993b2,2026-07-16,Recent-1y stratified convenience sample from latest-5000; super-app and self-selection bias; do not generalize theme shares.
X-SRC-03074,kakaopay,com.kakaopay.app,Google Play,KR,0ba8f25d-ecb0-4f6f-bf97-75712627c488,4,2026-01-22,pos,reliability,N,,,이거 오류나면 주식 어케함? 다른 식으로 주식 할 방법 있나요,https://play.google.com/store/apps/details?id=com.kakaopay.app&hl=ko&gl=KR&reviewId=0ba8f25d-ecb0-4f6f-bf97-75712627c488,2026-07-16,Recent-1y stratified convenience sample from latest-5000; super-app and self-selection bias; do not generalize theme shares.
X-SRC-03075,kakaopay,com.kakaopay.app,Google Play,KR,53339b44-7065-4a23-9098-52d770906320,5,2026-01-14,pos,other_trade,N,,,확실히 증권앱도 그렇고 좋아지고 있어요!,https://play.google.com/store/apps/details?id=com.kakaopay.app&hl=ko&gl=KR&reviewId=53339b44-7065-4a23-9098-52d770906320,2026-07-16,Recent-1y stratified convenience sample from latest-5000; super-app and self-selection bias; do not generalize theme shares.
X-SRC-03076,kakaopay,com.kakaopay.app,Google Play,KR,8e8834e4-1758-44c0-8a44-60eee9efc84a,4,2025-12-30,pos,information,Y,Y,information,"증권 차트에 일봉, 주봉, 월봉은 있는데 왜 연봉이 없나요?",https://play.google.com/store/apps/details?id=com.kakaopay.app&hl=ko&gl=KR&reviewId=8e8834e4-1758-44c0-8a44-60eee9efc84a,2026-07-16,Recent-1y stratified convenience sample from latest-5000; super-app and self-selection bias; do not generalize theme shares.
X-SRC-03077,kakaopay,com.kakaopay.app,Google Play,KR,291b06f7-0817-48b4-8ac0-655945dc0068,5,2025-11-26,pos,navigation_ux,N,,,주식서비스를 주로 사용하는데요 앱 껏다키면 이전에 사용하던 주식서비스 화면으로 열어주시면 안대나요? 이전에는 해주던거 없앤건가요?,https://play.google.com/store/apps/details?id=com.kakaopay.app&hl=ko&gl=KR&reviewId=291b06f7-0817-48b4-8ac0-655945dc0068,2026-07-16,Recent-1y stratified convenience sample from latest-5000; super-app and self-selection bias; do not generalize theme shares.
X-SRC-03078,kakaopay,com.kakaopay.app,Google Play,KR,dff0fef7-339d-469f-a721-e5bc8847aae8,5,2025-09-18,pos,portfolio_history|navigation_ux,N,,,업데이트 된 홈 화면 밑에 보유주식 보이는데 금액이랑 안보이게 해주세요 증권 들어가면 있는데 굳이 홈 화면에 보이게 안해도 될 것,https://play.google.com/store/apps/details?id=com.kakaopay.app&hl=ko&gl=KR&reviewId=dff0fef7-339d-469f-a721-e5bc8847aae8,2026-07-16,Recent-1y stratified convenience sample from latest-5000; super-app and self-selection bias; do not generalize theme shares.
X-SRC-03079,kakaopay,com.kakaopay.app,Google Play,KR,ba587fe0-8c68-4d63-ac76-b186dff44c5b,4,2025-08-07,pos,other_trade,N,,,잘 사용하고 있습니다 주식 사고 팔때 신속하게 처리되었으면 하네요,https://play.google.com/store/apps/details?id=com.kakaopay.app&hl=ko&gl=KR&reviewId=ba587fe0-8c68-4d63-ac76-b186dff44c5b,2026-07-16,Recent-1y stratified convenience sample from latest-5000; super-app and self-selection bias; do not generalize theme shares.
X-SRC-03080,kakaopay,com.kakaopay.app,Google Play,KR,69fe6373-b29e-4cc0-9888-e7e0035603c8,5,2025-07-20,pos,execution_order,N,,,자산에서 투자에 코인거래소도 연동할 수 있도록 해주세요,https://play.google.com/store/apps/details?id=com.kakaopay.app&hl=ko&gl=KR&reviewId=69fe6373-b29e-4cc0-9888-e7e0035603c8,2026-07-16,Recent-1y stratified convenience sample from latest-5000; super-app and self-selection bias; do not generalize theme shares.
X-SRC-03081,toss,viva.republica.toss,Google Play,KR,93ce2dba-e954-4807-89e6-09ec150aa804,1,2026-07-10,neg,support,Y,Y,support,"부동산 pf투자사랑 제휴 맺어서 상품 팔고 이후에 문의 있어서 문의하니 자기들은 모른다, 투자사에 문의해라는 답변 받은 뒤로 사용 안 함.",https://play.google.com/store/apps/details?id=viva.republica.toss&hl=ko&gl=KR&reviewId=93ce2dba-e954-4807-89e6-09ec150aa804,2026-07-16,Recent-1y stratified convenience sample from latest-5000; super-app and self-selection bias; do not generalize theme shares.
X-SRC-03082,toss,viva.republica.toss,Google Play,KR,c04cc539-9515-4081-a899-d92e927a312c,1,2026-06-18,neg,execution_order|settlement_cost,N,,,진짜 자동 환전 기능 좀 쳐 없애요 미국주식 주문 가능한 만큼 걸었더니 환전 우대 시간도 아닌데 쳐 환전해가지고 손해 욕,https://play.google.com/store/apps/details?id=viva.republica.toss&hl=ko&gl=KR&reviewId=c04cc539-9515-4081-a899-d92e927a312c,2026-07-16,Recent-1y stratified convenience sample from latest-5000; super-app and self-selection bias; do not generalize theme shares.
X-SRC-03083,toss,viva.republica.toss,Google Play,KR,7e1b78ea-da19-4290-88d4-a61e054b6279,1,2026-06-04,neg,decision_risk|execution_order|settlement_cost|reliability|portfolio_history,N,,,진짜 증권은 따로 만들던가하세요 쓰레기임 그냥 빠른주문? 빠르지도 않음 렉이 미칠듯이 걸려서 심할때는 매수하고도 분명 매수를 했는데 잔고가 안뜨길래 앱껐다,https://play.google.com/store/apps/details?id=viva.republica.toss&hl=ko&gl=KR&reviewId=7e1b78ea-da19-4290-88d4-a61e054b6279,2026-07-16,Recent-1y stratified convenience sample from latest-5000; super-app and self-selection bias; do not generalize theme shares.
X-SRC-03084,toss,viva.republica.toss,Google Play,KR,e1ceac2b-ef65-40b0-8bad-79a3b6bca1d1,1,2026-05-25,neg,support,N,,,뭔 정확한 확인이 어려워 고객센터 문의하래 ai 자동 답글입니까? 너네 주식창 업데이트인지 한다고 못들어가게해서 출첵 리셋 됐자나요. 아무도 몰라요? 현재는,https://play.google.com/store/apps/details?id=viva.republica.toss&hl=ko&gl=KR&reviewId=e1ceac2b-ef65-40b0-8bad-79a3b6bca1d1,2026-07-16,Recent-1y stratified convenience sample from latest-5000; super-app and self-selection bias; do not generalize theme shares.
X-SRC-03085,toss,viva.republica.toss,Google Play,KR,9e7fc684-7bf9-4fd3-916a-2314ef38401d,1,2026-05-04,neg,settlement_cost,N,,,미성년자 토스증권계설되게 해줘요..KB증권 수수료너무 비싸요,https://play.google.com/store/apps/details?id=viva.republica.toss&hl=ko&gl=KR&reviewId=9e7fc684-7bf9-4fd3-916a-2314ef38401d,2026-07-16,Recent-1y stratified convenience sample from latest-5000; super-app and self-selection bias; do not generalize theme shares.
X-SRC-03086,toss,viva.republica.toss,Google Play,KR,5e437747-9eca-4673-b70c-8d3a2f5c95bb,1,2026-04-08,neg,navigation_ux,Y,Y,navigation_ux,증권탭에 들어가지지가 않음. 업데이트 문제인가 싶어 업데이트를 하려는데 업데이트도 안됨 미친앱...,https://play.google.com/store/apps/details?id=viva.republica.toss&hl=ko&gl=KR&reviewId=5e437747-9eca-4673-b70c-8d3a2f5c95bb,2026-07-16,Recent-1y stratified convenience sample from latest-5000; super-app and self-selection bias; do not generalize theme shares.
X-SRC-03087,toss,viva.republica.toss,Google Play,KR,f6af5346-f9a2-4bff-8ceb-9a54b27935b4,1,2026-03-21,neg,execution_order,Y,N,reject_substring_false_positive,토스 비번 한번잠기고 그 다음부턴 틀리지 않고 써왔는데 어느날 비밀번호가 틀렸고 막혔다고 뜨네요. 처음에 5번 틀리고 인증한후로 틀린적이 없는데;;;;,https://play.google.com/store/apps/details?id=viva.republica.toss&hl=ko&gl=KR&reviewId=f6af5346-f9a2-4bff-8ceb-9a54b27935b4,2026-07-16,Recent-1y stratified convenience sample from latest-5000; super-app and self-selection bias; do not generalize theme shares.
X-SRC-03088,toss,viva.republica.toss,Google Play,KR,7cb9797e-48af-4e1b-a167-677fb7d602b8,1,2026-03-03,neg,execution_order|information,N,,,"모든 앱 소리 동시허용을 설정했음에도, 광고가 기존 플레이중인 소리를 끄네. 광고따위가 타 앱 동작 간섭을 하다니... 하찮은 앱이 권한을 너무",https://play.google.com/store/apps/details?id=viva.republica.toss&hl=ko&gl=KR&reviewId=7cb9797e-48af-4e1b-a167-677fb7d602b8,2026-07-16,Recent-1y stratified convenience sample from latest-5000; super-app and self-selection bias; do not generalize theme shares.
X-SRC-03089,toss,viva.republica.toss,Google Play,KR,f1433130-5407-4f69-91a1-883abaf82c94,1,2026-02-19,neg,other_trade,N,,,ㅇㄴ 아이통장 만들기로 증권계좌 만들었는데 잠금을 풀려면 신분증이 필요한게 말이됨? 아이한테 신분증이 있을거라고 생각하는거임?,https://play.google.com/store/apps/details?id=viva.republica.toss&hl=ko&gl=KR&reviewId=f1433130-5407-4f69-91a1-883abaf82c94,2026-07-16,Recent-1y stratified convenience sample from latest-5000; super-app and self-selection bias; do not generalize theme shares.
X-SRC-03090,toss,viva.republica.toss,Google Play,KR,8061ad43-10f3-44df-b224-1bff2325736b,1,2026-01-31,neg,reliability|navigation_ux,N,,,토스증권 오류가 너무심함 화면 먹통이 계속돼요!!,https://play.google.com/store/apps/details?id=viva.republica.toss&hl=ko&gl=KR&reviewId=8061ad43-10f3-44df-b224-1bff2325736b,2026-07-16,Recent-1y stratified convenience sample from latest-5000; super-app and self-selection bias; do not generalize theme shares.
X-SRC-03091,toss,viva.republica.toss,Google Play,KR,3b7ac076-4298-49d1-b3c3-0f27390e53d6,2,2026-01-25,neg,decision_risk|portfolio_history,Y,Y,decision_risk|portfolio_history,친구들이 하도 토스이벤트 공유를 보내대서 몇년만에 다시 깔아봤더니 5년전에 엔비디아를 사놨었는게 1400%가 떠있다. 나름 동전하나도 어딨는지 다 관리하고 있다고 생각했는데,https://play.google.com/store/apps/details?id=viva.republica.toss&hl=ko&gl=KR&reviewId=3b7ac076-4298-49d1-b3c3-0f27390e53d6,2026-07-16,Recent-1y stratified convenience sample from latest-5000; super-app and self-selection bias; do not generalize theme shares.
X-SRC-03092,toss,viva.republica.toss,Google Play,KR,194c476d-e188-42eb-a201-1ddbf96284df,1,2026-01-10,neg,other_trade,N,,,"계좌, 저축, 투자, 연금으로 잘나누어 관리하던걸 섞어버렸네요. 홈 계좌 편집도 되다 말다 해서 적응하기 힘든데 일관되게 할때가 되지 않았습니까?",https://play.google.com/store/apps/details?id=viva.republica.toss&hl=ko&gl=KR&reviewId=194c476d-e188-42eb-a201-1ddbf96284df,2026-07-16,Recent-1y stratified convenience sample from latest-5000; super-app and self-selection bias; do not generalize theme shares.
X-SRC-03093,toss,viva.republica.toss,Google Play,KR,354d00dd-02db-4f17-91e0-1e687ae00d1a,1,2025-12-31,neg,execution_order|information|portfolio_history,N,,,새거래 내역이 생겼내요 알림을 끌수 있게 해주세요 어디에서 그 알림을 꺼는지 안보여요 이미 알고 있는데 들어갈때마다 떠요. 요즘 진짜 제발,https://play.google.com/store/apps/details?id=viva.republica.toss&hl=ko&gl=KR&reviewId=354d00dd-02db-4f17-91e0-1e687ae00d1a,2026-07-16,Recent-1y stratified convenience sample from latest-5000; super-app and self-selection bias; do not generalize theme shares.
X-SRC-03094,toss,viva.republica.toss,Google Play,KR,df5b5bc7-63ff-4386-8f94-e3276ce711e3,1,2025-12-06,neg,execution_order|settlement_cost,N,,,토스증권 개판임 해외주식 배당금지연이 2주째면 이 리뷰 복붙답글마냥 붙여넣기할게 아니라 해당사항의 원인이 뭐고 어떻게 진행되고있는지 공지해줘야하는데 그런건 일절없고 그냥 예전에,https://play.google.com/store/apps/details?id=viva.republica.toss&hl=ko&gl=KR&reviewId=df5b5bc7-63ff-4386-8f94-e3276ce711e3,2026-07-16,Recent-1y stratified convenience sample from latest-5000; super-app and self-selection bias; do not generalize theme shares.
X-SRC-03095,toss,viva.republica.toss,Google Play,KR,7e060aba-dc43-40b1-b24e-8eb4a7f86d00,1,2025-11-24,neg,settlement_cost,N,,,"토스증권 쓰면 쓸수록 개선되기는 커녕 점점 안좋아지네요. 이번에 SSO분할건 왜 며칠째 해결이 안되는것인지, 배당은 왜 늦는건지. 편의성 하나 보고 쓰기에는",https://play.google.com/store/apps/details?id=viva.republica.toss&hl=ko&gl=KR&reviewId=7e060aba-dc43-40b1-b24e-8eb4a7f86d00,2026-07-16,Recent-1y stratified convenience sample from latest-5000; super-app and self-selection bias; do not generalize theme shares.
X-SRC-03096,toss,viva.republica.toss,Google Play,KR,bf76690c-3c0e-4448-9613-af99892e561c,2,2025-11-09,neg,navigation_ux,Y,Y,navigation_ux,위젯좀 수정해주세요 매우불편함 주식 로빈후드처럼 시계열별로 자산보이면 좋겠어요,https://play.google.com/store/apps/details?id=viva.republica.toss&hl=ko&gl=KR&reviewId=bf76690c-3c0e-4448-9613-af99892e561c,2026-07-16,Recent-1y stratified convenience sample from latest-5000; super-app and self-selection bias; do not generalize theme shares.
X-SRC-03097,toss,viva.republica.toss,Google Play,KR,5745db78-aa40-442c-849f-804ba6ff199a,1,2025-10-30,neg,decision_risk|reliability|social|navigation_ux,N,,,"업데이트 후 버그 폭증: 증권탭 검색 먹통이슈(나갔다 들어오면 키보드 뜸) 주식매수매도시 주식수 10%,25% 등 설정이후 +,-버튼 먹통됨 증권 개별정목 커뮤니티탭",https://play.google.com/store/apps/details?id=viva.republica.toss&hl=ko&gl=KR&reviewId=5745db78-aa40-442c-849f-804ba6ff199a,2026-07-16,Recent-1y stratified convenience sample from latest-5000; super-app and self-selection bias; do not generalize theme shares.
X-SRC-03098,toss,viva.republica.toss,Google Play,KR,71da374b-fb7c-4720-b00a-b3cde8c4a347,1,2025-10-25,neg,settlement_cost,N,,,토스증권으로 주식하는데 배당금 지급이 너무 늦네요 이러면 토스증권 못씁니다,https://play.google.com/store/apps/details?id=viva.republica.toss&hl=ko&gl=KR&reviewId=71da374b-fb7c-4720-b00a-b3cde8c4a347,2026-07-16,Recent-1y stratified convenience sample from latest-5000; super-app and self-selection bias; do not generalize theme shares.
X-SRC-03099,toss,viva.republica.toss,Google Play,KR,ae221525-55cd-4ad2-af6b-ec6032795dac,1,2025-10-13,neg,navigation_ux,N,,,뭐한거에요? 증권 계좌가 갑자기 안보이는데 계좌 새로 만들라고 떠있고?,https://play.google.com/store/apps/details?id=viva.republica.toss&hl=ko&gl=KR&reviewId=ae221525-55cd-4ad2-af6b-ec6032795dac,2026-07-16,Recent-1y stratified convenience sample from latest-5000; super-app and self-selection bias; do not generalize theme shares.
X-SRC-03100,toss,viva.republica.toss,Google Play,KR,dd9765cf-14f8-4318-96b1-0447fea1610b,1,2025-09-28,neg,navigation_ux,N,,,고양이 키우기 브랜드콘 유효기간을 일주일로 바꾼 것도 좀 불편해도 참았습니다. 근데 이제는 사료와 장난감을 하루만에 소진하지 않으면 소멸된다네요. 토스는 유저들이,https://play.google.com/store/apps/details?id=viva.republica.toss&hl=ko&gl=KR&reviewId=dd9765cf-14f8-4318-96b1-0447fea1610b,2026-07-16,Recent-1y stratified convenience sample from latest-5000; super-app and self-selection bias; do not generalize theme shares.
X-SRC-03101,toss,viva.republica.toss,Google Play,KR,72ad5cdd-3da9-432a-a63c-ea99b3e8f4f2,3,2026-07-07,neu,support|social,Y,Y,support|social,그냥저냥 주식 모으기 용도로 잘 쓰고 있긴한데.. 미국주식 커뮤니티란 제목쓰기 기능 없어졌나요? 복붙답변 말고 제대로 된 답변 부탁드려요. 없앴다면 왜,https://play.google.com/store/apps/details?id=viva.republica.toss&hl=ko&gl=KR&reviewId=72ad5cdd-3da9-432a-a63c-ea99b3e8f4f2,2026-07-16,Recent-1y stratified convenience sample from latest-5000; super-app and self-selection bias; do not generalize theme shares.
X-SRC-03102,toss,viva.republica.toss,Google Play,KR,13b29c04-a361-45bf-8a6a-835e75f2801c,3,2026-06-21,neu,decision_risk|execution_order,N,,,"다 좋은데, 주식 거래 시간이 너무 오래 걸립니다. 주문 대기중 상태에서 가격, 시간, 수량순으로 우선 배정되는 건 알겠으나 매수나 매매할때",https://play.google.com/store/apps/details?id=viva.republica.toss&hl=ko&gl=KR&reviewId=13b29c04-a361-45bf-8a6a-835e75f2801c,2026-07-16,Recent-1y stratified convenience sample from latest-5000; super-app and self-selection bias; do not generalize theme shares.
X-SRC-03103,toss,viva.republica.toss,Google Play,KR,31b39f3a-d6e4-4a97-9cc6-cdd6c8856727,3,2026-05-06,neu,portfolio_history|navigation_ux,N,,,갑자기 토스증권 보유주식 자세히보기 현황창 글씨가 너무 커졌어요. 온 동네에 제 주식 상황 광고하는 거 같이서 공공장소에서 하기 쪽팔려요. 다른,https://play.google.com/store/apps/details?id=viva.republica.toss&hl=ko&gl=KR&reviewId=31b39f3a-d6e4-4a97-9cc6-cdd6c8856727,2026-07-16,Recent-1y stratified convenience sample from latest-5000; super-app and self-selection bias; do not generalize theme shares.
X-SRC-03104,toss,viva.republica.toss,Google Play,KR,04360a41-222f-4e70-9dbf-071d23b3c876,3,2026-03-30,neu,information|support,N,,,토스증권 알림 설정 다했는데.. 팝업 알림이 안와서 상담센터 문의해도 답을 안주시네요. 폰설정이랑 앱설정 전부다 알림 켰는데도 알림이 오질않습니다 팝업형태로요,https://play.google.com/store/apps/details?id=viva.republica.toss&hl=ko&gl=KR&reviewId=04360a41-222f-4e70-9dbf-071d23b3c876,2026-07-16,Recent-1y stratified convenience sample from latest-5000; super-app and self-selection bias; do not generalize theme shares.
X-SRC-03105,toss,viva.republica.toss,Google Play,KR,71b58ae6-af41-4874-9265-03504a0f1b41,3,2026-02-18,neu,information|portfolio_history|navigation_ux,N,,,주식 지정가알림 내가 설정한 가격이 되면 알림 오는 동시에 지정가알림 내역에서 사라져서 불편합니다. 그 가격이 될때마다 없어져서 계속 다시 설정해야하는게,https://play.google.com/store/apps/details?id=viva.republica.toss&hl=ko&gl=KR&reviewId=71b58ae6-af41-4874-9265-03504a0f1b41,2026-07-16,Recent-1y stratified convenience sample from latest-5000; super-app and self-selection bias; do not generalize theme shares.
X-SRC-03106,toss,viva.republica.toss,Google Play,KR,f082ebdb-3971-45eb-95f1-8ab7feefcc48,3,2026-02-02,neu,navigation_ux,Y,Y,navigation_ux,최근 업데이트 후 주식(내투자 4×2) 위젯이 안돼요,https://play.google.com/store/apps/details?id=viva.republica.toss&hl=ko&gl=KR&reviewId=f082ebdb-3971-45eb-95f1-8ab7feefcc48,2026-07-16,Recent-1y stratified convenience sample from latest-5000; super-app and self-selection bias; do not generalize theme shares.
X-SRC-03107,toss,viva.republica.toss,Google Play,KR,4eea0190-0bf2-4a3c-97a4-92d71187488f,3,2026-01-01,neu,settlement_cost,N,,,이벤트 좋아요 좋은데 치킨집? 그것도 그렇고 저번에 빼빼로 그것도 그렇고 사람이 가능할 수 있는 선에서 게임을 만들어줬으면 좋겠어요 고양이 방만들기,https://play.google.com/store/apps/details?id=viva.republica.toss&hl=ko&gl=KR&reviewId=4eea0190-0bf2-4a3c-97a4-92d71187488f,2026-07-16,Recent-1y stratified convenience sample from latest-5000; super-app and self-selection bias; do not generalize theme shares.
X-SRC-03108,toss,viva.republica.toss,Google Play,KR,00218759-53d0-4c27-a41a-fbd68c5881bb,3,2025-12-02,neu,other_trade,N,,,앱 자체는 좋은데 요즘 광고는 꼭 두번씩 봐야 미션이 해결돼요;; 30초짜리만 보면 되는걸 1분씩 봐야됨.. 해결 좀 해주세요. 그리고 증권계좌,https://play.google.com/store/apps/details?id=viva.republica.toss&hl=ko&gl=KR&reviewId=00218759-53d0-4c27-a41a-fbd68c5881bb,2026-07-16,Recent-1y stratified convenience sample from latest-5000; super-app and self-selection bias; do not generalize theme shares.
X-SRC-03109,toss,viva.republica.toss,Google Play,KR,0d907c51-317c-46f3-a314-c680e614d12b,3,2025-10-30,neu,portfolio_history,N,,,왠만하면 리뷰 안다는데. 편리하긴 합니다. 오래 사용중이구요. 증권 너무 느려진거 아니에요? 아니 전엔 안그러더니 그냥 종목 하나 들어가서 보려는데도 렉이,https://play.google.com/store/apps/details?id=viva.republica.toss&hl=ko&gl=KR&reviewId=0d907c51-317c-46f3-a314-c680e614d12b,2026-07-16,Recent-1y stratified convenience sample from latest-5000; super-app and self-selection bias; do not generalize theme shares.
X-SRC-03110,toss,viva.republica.toss,Google Play,KR,bb2baf8d-6b57-48f5-afb3-246326f05c57,3,2025-10-06,neu,navigation_ux,N,,,토스혜택 친구와 함께 토스켜기 만보기 행운복권 라이브쇼핑 행운퀴즈 브랜드구경 토스쇼핑 숏폼60초 버튼 누르기 증권 출석체크 참여가 안됩니다,https://play.google.com/store/apps/details?id=viva.republica.toss&hl=ko&gl=KR&reviewId=bb2baf8d-6b57-48f5-afb3-246326f05c57,2026-07-16,Recent-1y stratified convenience sample from latest-5000; super-app and self-selection bias; do not generalize theme shares.
X-SRC-03111,toss,viva.republica.toss,Google Play,KR,9704c68f-12e1-424e-b62f-3b7532fdda5c,4,2026-07-14,pos,decision_risk|execution_order|information|settlement_cost|portfolio_history,Y,Y,decision_risk|execution_order|information|settlement_cost|portfolio_history,주문내역에서도 내가 얼마를 샀는지는 합계가안나올까요? 종목별로 매달 얼마를추매했는지 년별로 얼마를매수했는지도 볼수있으면 좋겠습니다 또 주식모으기에서 매일모으는 종목 매주모으는종목 매달모으는종목을 섹터별로따로구분해주면좋을것같습니다 *홈>전체투자>내주식에,https://play.google.com/store/apps/details?id=viva.republica.toss&hl=ko&gl=KR&reviewId=9704c68f-12e1-424e-b62f-3b7532fdda5c,2026-07-16,Recent-1y stratified convenience sample from latest-5000; super-app and self-selection bias; do not generalize theme shares.
X-SRC-03112,toss,viva.republica.toss,Google Play,KR,00fa727c-48a2-4f4f-8fce-4e1aafbc3069,4,2026-06-23,pos,decision_risk|information,N,,,토스증권에서 어떤 주식의 소식을 알림 신청해놓으면 그 주식이 오르거나 내릴때 '000님이 원하는 가격으로 내려갔어요' 하는 알림이 옵니다. 매수하고 싶을때는 반갑지만,https://play.google.com/store/apps/details?id=viva.republica.toss&hl=ko&gl=KR&reviewId=00fa727c-48a2-4f4f-8fce-4e1aafbc3069,2026-07-16,Recent-1y stratified convenience sample from latest-5000; super-app and self-selection bias; do not generalize theme shares.
X-SRC-03113,toss,viva.republica.toss,Google Play,KR,0b2cc8cb-4587-434d-839f-73159ebb163e,5,2026-05-29,pos,social,N,,,작년 가을인가 겨울쯤 토스에서 링크 공유하고 그 링크로 사람 들어오면 치킨주는 이벤트가 있었는데 그거 주식 커뮤니티에 공유하고 잠들었다가 신고를 엄청,https://play.google.com/store/apps/details?id=viva.republica.toss&hl=ko&gl=KR&reviewId=0b2cc8cb-4587-434d-839f-73159ebb163e,2026-07-16,Recent-1y stratified convenience sample from latest-5000; super-app and self-selection bias; do not generalize theme shares.
X-SRC-03114,toss,viva.republica.toss,Google Play,KR,f0fe98e5-d0f2-4587-afc1-b06be4a9a6c3,5,2026-05-03,pos,portfolio_history|support,N,,,저 토스뱅크 토스증권 다 만족하는데 제가 증권을 자주 사용해서 그러는데요 혹시 제가 들고 있는 종목을 분리시킬수가 있나요? 제가 구매한 종목들을,https://play.google.com/store/apps/details?id=viva.republica.toss&hl=ko&gl=KR&reviewId=f0fe98e5-d0f2-4587-afc1-b06be4a9a6c3,2026-07-16,Recent-1y stratified convenience sample from latest-5000; super-app and self-selection bias; do not generalize theme shares.
X-SRC-03115,toss,viva.republica.toss,Google Play,KR,1b3d90bf-b15d-40c5-ad82-b2bd407c40f6,5,2026-04-09,pos,settlement_cost|navigation_ux,N,,,토스 가입?계좌?증권?때 세금을 낼 의무가 있는 국가 질문 나오면서 국가리스트 쫙 뜨는데 한국.대한민국.남한 선택목록이 없구 건너뛰기. 선택안함 하는것도 안보이는데 어떻게해야,https://play.google.com/store/apps/details?id=viva.republica.toss&hl=ko&gl=KR&reviewId=1b3d90bf-b15d-40c5-ad82-b2bd407c40f6,2026-07-16,Recent-1y stratified convenience sample from latest-5000; super-app and self-selection bias; do not generalize theme shares.
X-SRC-03116,toss,viva.republica.toss,Google Play,KR,0a9585f9-8b1c-442c-96ea-60dad00f1fd8,4,2026-03-04,pos,execution_order|navigation_ux,Y,Y,execution_order|navigation_ux,비밀번호 입력할 때 번호판이 예전엔 검은 화면으로 바뀌면서 흰 색으로 떴는데 지금은 원래 화면 위에 화면과 같은 색으로 떠서 번호가,https://play.google.com/store/apps/details?id=viva.republica.toss&hl=ko&gl=KR&reviewId=0a9585f9-8b1c-442c-96ea-60dad00f1fd8,2026-07-16,Recent-1y stratified convenience sample from latest-5000; super-app and self-selection bias; do not generalize theme shares.
X-SRC-03117,toss,viva.republica.toss,Google Play,KR,a6165d96-176f-477c-b5a0-d2e44511e293,4,2026-01-28,pos,decision_risk|execution_order|information|navigation_ux,N,,,토스증권 다 좋은데 조건주문에 트레일링 스탑이 없어서 불편해요... 익절가 손절가 만으로는 고점대비 n% 하락 기능을 따라할 수 가 없어요 어쩔,https://play.google.com/store/apps/details?id=viva.republica.toss&hl=ko&gl=KR&reviewId=a6165d96-176f-477c-b5a0-d2e44511e293,2026-07-16,Recent-1y stratified convenience sample from latest-5000; super-app and self-selection bias; do not generalize theme shares.
X-SRC-03118,toss,viva.republica.toss,Google Play,KR,1ca44940-fab8-4cf5-88d9-dbda90c7d006,4,2025-12-25,pos,information|settlement_cost,N,,,배당금 공시되고 예상배당금에 나타날때 세후 금액으로 표시해주면 좋겠어요. 아니면 세전 세후 적용할 수 있는 스위치(원/달러 고르는 것 처럼) 있으면 편할것,https://play.google.com/store/apps/details?id=viva.republica.toss&hl=ko&gl=KR&reviewId=1ca44940-fab8-4cf5-88d9-dbda90c7d006,2026-07-16,Recent-1y stratified convenience sample from latest-5000; super-app and self-selection bias; do not generalize theme shares.
X-SRC-03119,toss,viva.republica.toss,Google Play,KR,864f0f0e-b2a9-4114-b510-53b63e3ae9b4,5,2025-11-05,pos,information|portfolio_history|navigation_ux,N,,,"토스증권에 ㅡ 1) '증권' 기본 화면에 보유 중인 주식 순서 바꾸기 (지정순, 등락순 등) 2) '관심' 탭에서 [보유] 중인 주식만",https://play.google.com/store/apps/details?id=viva.republica.toss&hl=ko&gl=KR&reviewId=864f0f0e-b2a9-4114-b510-53b63e3ae9b4,2026-07-16,Recent-1y stratified convenience sample from latest-5000; super-app and self-selection bias; do not generalize theme shares.
X-SRC-03120,toss,viva.republica.toss,Google Play,KR,072e26e7-f332-4063-ba96-61b9077b03b3,4,2025-09-27,pos,decision_risk|execution_order|navigation_ux,N,,,토스증권 판매수익 기간 설정해서 볼 수 있었는데 최근에 보니까 그게 없어졌어요 그리교 원래 ui가 더 편했던것 같구,https://play.google.com/store/apps/details?id=viva.republica.toss&hl=ko&gl=KR&reviewId=072e26e7-f332-4063-ba96-61b9077b03b3,2026-07-16,Recent-1y stratified convenience sample from latest-5000; super-app and self-selection bias; do not generalize theme shares.
