anon_id,orig_review_id,service,platform,rating,review_date,app_version,sentiment,themes,review_text,listing_url,accessed_at_kst
WS3-KA-000,13975121536,카카오페이증권(카카오페이 앱 내),애플앱스토어(KR),1,2026-04-19,26.3.1,부정(1-2성),C2;C13,[주식거래 NXT 예약매매 불가] NXT(프리마켓)은 변동성이 심하기 때문에 원하는 조건에 예약매매를 할 수 있다는 점이 이용자들에게 수익이나 손실을 주는 결정적인 요인인데 다른 증권사 앱은 프리마켓 예약매매가 가능한데 카카오페이는 그게 안된다는 점이 매우 치명적인 문제라고 본다. 처음 주식을 쉽게 접할 수 있어서 카카오페이로 시작한 점이 후회되고 다른 증권사로 옮기자니 가지고 있는 주식과 연금을 팔아서 자금 이동을 해야한다는 리스크가 있다 언제 개선해줄거에요?,https://apps.apple.com/kr/app/id1464496236,2026-07-16
WS3-KA-001,f5c5bcdf-debf-46e7-a5c3-076613fbadc9,카카오페이증권(카카오페이 앱 내),구글플레이(KR),1,2021-09-18,1.19.1,부정(1-2성),C3,"증권페이 출금 방법을 찾을 수가 없어서 상담원과 채팅, 페이 출금 방법을 알려줌... 화가난다! 아~니! 출금이 왜 이렇게 복잡하고 어려운 거야 입출금은 메인 화면 아닌가? 얍삽하게, 입금은 쉽고 출금은 어렵게 만든 건가? 출금은 어떻게 하는거야? 답변을 보니 더 어이가 없네.. 한쿡말 몰라요?? 어디서 왔어요?",https://play.google.com/store/apps/details?id=com.kakaopay.app&hl=ko,2026-07-16
WS3-KA-002,14171861036,카카오페이증권(카카오페이 앱 내),애플앱스토어(KR),3,2026-06-11,26.4.10,중립(3성),C14;C7,[보안] 보안이 더 강화되야합니다 . 불안해서 다른 증권사로 옮겨야하는지 고민입니다 초보자에게는 카카오증권이 정말 유리합니다 그래서 사용하고싶은데 보안을 더 강화시켜주세요 비밀번호도 4자리라 불안하고 매수시 비밀번호 입력도 없이 결제되는 부분도 불안합니다 예전에 아침에 매도 매수하려는데 갑자기 사이트가 안되서 손실이 났어요 ㅜ ㅜ,https://apps.apple.com/kr/app/id1464496236,2026-07-16
WS3-KA-003,cc78fd08-b667-4bd7-b750-02d13a94fce4,카카오페이증권(카카오페이 앱 내),구글플레이(KR),1,2025-12-26,25.11.1,부정(1-2성),C9;C4,"전반적으로 증권 UI가 토스에 비해 불편합니다. 환전 버튼도 검색에서 찾아 들어가야 하고 환전 기능도 환전, 환전하기 두개 중 하나만 남겨주세요. 하나 폐지된건데 헷갈립니다. 또, 환전 후에 달러가 얼마 있는지 바로 알 수 있게 해주세요. 계좌 들어가서 찾아봐야하는게 매우 불편합니다. 미국 주식 주로 하는 고객 입장에선 별로에요. 수익도 얼마인지 첫화면에서 볼 수 있게 해주세요. 처음에 매도 후 수익 얼마났는지 찾는게 좀 번거롭네요. 바로 한 화면에서 알 수 있게 해주세요. 또 신규 기능 광고창 처음에 너무 크게 띄워서 필수기능이 묻히고 닫기버튼 세번 눌러야 광고 다 꺼져서 진짜 귀찮았습니다. 추가로 삼성 페이에서 바로 결제 꺼내서 사용할 수 있는 기능은 없을까요? 앱 켜서 결제 창 띄우기까지 굉장히 불편합니다. 간편 결제도 고객이 일일히 설정해서 쓰는 경우는 잘 없어요.",https://play.google.com/store/apps/details?id=com.kakaopay.app&hl=ko,2026-07-16
WS3-KA-004,feb044d4-96c3-44d6-933d-0337bfee9af3,카카오페이증권(카카오페이 앱 내),구글플레이(KR),1,2023-12-03,2.24.5,부정(1-2성),C2;C7,카카오증권은 이상한앱입니다. 작은회사도 아닌데 중요한순간에 렉걸리고 특히 미국장 시장가매수 누르면 잠깐멈췄다가 가격올라가고 오른 가격에 매수됩니다. 매도의경우는 완전 싸게 팔립니다. 호가창에 카카오증권 사용자들의 주문수량은 적용되지 않습니다. 즉 내가 매수를 눌러도 해당매수잔량은 변하지 않고 매도 잔량도 마찬가지 입니다. 카카오증권 미국장을 하다보면 타증권사 모의프로그램으로 매매하는것과 비슷합니다. 아무리사도 가격을 올릴수 없으며 아무리팔아도 가격이 안내려갑니다. 일부 적용될때도 있긴 합니다. 즉 미국장의 다른사람들이 올리고 내리는것에 맞춰서 보여줄뿐이고 카카오증권 유저들은 미국장 시세에 영향을 주기 미미합니다. 짧은기간에 2천만원 잃었지만 계속하면 더잃을겁니다. 증권 오래해보신분들은 왜 모의투자프로그램이랑 비슷 한지 느끼실겁니다. 한국장은 아닌데 미국장은 시작하는순간 그계좌의돈은 전부 카카오에게 바치는돈입니다. 서버 컨트롤도 안되면서 증권앱은 왜운영하는지? 1초를 다투는 증권계에서,https://play.google.com/store/apps/details?id=com.kakaopay.app&hl=ko,2026-07-16
WS3-KA-005,fbe8615a-ab66-453d-bf57-d1d598cf1d2f,카카오페이증권(카카오페이 앱 내),구글플레이(KR),1,2026-04-21,26.3.1,부정(1-2성),C8;C7,아니.... 카카오증권 소수점구매 10분단위로 바꾼거 생각이 있으신거 맞아요??? 내가 구매한 시점 가격을 원해서 실시간으로 소수점구매를 하는건데 내가 원하지도 않는 가격에 10분뒤에 사지면 그 손해는 누가감당할건데요??? 소수점 구매하고 n주 사려고 구매수수료까지 계산해서 구매한건데 10분뒤에 오른가격에 구매되서 n-0.001됐잖아요 진짜 좋은말할때 복구시켜주세요 아니면 이게 어느부분에서 더 편리하고 안전한지 어느시점에 체결되는 금액인지 명시를 뚜렷하게 하던가요 증권홈에 다른거 광고는 그렇게 잘하면서 이런 공지를 대문짝만하게 해놨어야죠 그랬더라면 소수점 구매 시도도 안했을거아니에요 이미 발주되었다고 취소도 안되고 뭐 어쩌란건지,https://play.google.com/store/apps/details?id=com.kakaopay.app&hl=ko,2026-07-16
WS3-KA-006,d03fb102-f2cc-4042-9cf6-04d184b32325,카카오페이증권(카카오페이 앱 내),구글플레이(KR),2,2022-05-09,미상,부정(1-2성),C2,카카오페이 증권에서 지정가 매도 주문을 접수하면 지정가와 상관없이 즉시 매도 체결이 되어 버리는 경우가 벌써 3번째네요. 팔고 싶지 않는데 팔아버려 손해도 보고 있구요. 시급히 오류 확인 및 수정 해주세요.,https://play.google.com/store/apps/details?id=com.kakaopay.app&hl=ko,2026-07-16
WS3-KA-007,90b7a6a8-1e39-4d86-8f16-8dd096b8b455,카카오페이증권(카카오페이 앱 내),구글플레이(KR),3,2022-01-15,미상,중립(3성),C14;C6,카카오 페이 로그인 했는데 이후 인증 번호와 주민 등록 번호와 계좌 번호를 넣으라고 하더라고요 증권과 계좌번호와 연결이 되어 있나요?연결된 계좌에서 나도 모르게 자동 이체 되는건 아닌지 불안 하네요 그냥 돈 받고 다른 통장으로 이체하려고 하는데 이 페이를 사용하는게 맞나요?증권만 관련 있는게 아닌가요?주소도 모두 넣으라고 하는데 저는 증권하지 않아요 이 페이는 증권과 관련 있는지 처음 사용할때 로그인 할때시 카카오 계정으로 로그인하고 그다음 계좌번호와 주민번호와 계좌 비번을 기입했는데 안내 창에서 증권 자동이체가 날짜에 될것이라고 뜨던데요?이 페이 불안한데요,https://play.google.com/store/apps/details?id=com.kakaopay.app&hl=ko,2026-07-16
WS3-KA-008,0761bb20-98a0-4858-8783-631ed0a80cf8,카카오페이증권(카카오페이 앱 내),구글플레이(KR),2,2025-12-24,25.11.1,부정(1-2성),C10;C5,"일단 증권에 수수료,세금 포함 되있는것인지 알아보기쉽게 확인되었으면 좋겠습니다. 그리고 금손들이 사고있다는주식,주주들속마음. 이거 너무 노골적으로 어떤 주식이든 주식매수하라는 느낌이 강하게 들었습니다. 수수료도 싸지는않은데,주린이들어떻게되던지말던지 수수료위해 자꾸 부추기는 것 같습니다.",https://play.google.com/store/apps/details?id=com.kakaopay.app&hl=ko,2026-07-16
WS3-KA-009,13654859663,카카오페이증권(카카오페이 앱 내),애플앱스토어(KR),1,2026-01-20,26.1.0,부정(1-2성),C1,[허가되지 않은 접근] 주식 클릭도 안되고 매수매도 해야되는데 평소엔 잘되다가 갑자기 꼭 필요한 순간에 ㅈㄹ 났는지 모르겠네요 진짜 한번도 이런적 없다가 왜 이러냐 왜 아오 스발바르 아니 1대1 문의하기에서는 허가되지 않은 접근이면 뭐 검사맡고 문의하기 해야됩니까? 개짜치네 진짜,https://apps.apple.com/kr/app/id1464496236,2026-07-16
WS3-KA-010,8deb70f7-2bb1-41f0-b42b-47838355a073,카카오페이증권(카카오페이 앱 내),구글플레이(KR),1,2026-06-22,2.10.1,부정(1-2성),C4,미국주식etf 주문할 때 괴리율을 확인할 수 있나요? 개별주식 레버리지 파생상품 거래할 때 추종주식에 비해 수익이 적거나 손실이 커서 괴리율에 의한 것인지 의문이 듭니다 근데 카카오페이에서 괴리율을 확인할 수 없어,https://play.google.com/store/apps/details?id=com.kakaopay.app&hl=ko,2026-07-16
WS3-KA-011,e8b13dc7-abe9-4f28-92e5-611544598932,카카오페이증권(카카오페이 앱 내),구글플레이(KR),1,2026-03-20,26.2.11,부정(1-2성),C9;C1,"아...증권 ui대체 왜 이렇게 바꾼거죠? 버튼들을 상단으로 올려놔서 빠르게 대처하기도 힘들어졌어요. 더 웃긴건 예시로 아무 주식 들어가서 정보,차트, 호가, 보유 중 아무 버튼을 눌러 화면이 바뀌면, 버튼들의 위치가 한단계 더 위로 움직이면서 배치되는게 빠른 화면전환이 필요한 상황에서는 진짜 최악입니다. 버튼들이 도망가는 것 마냥.. 그리고 체결강도도 안보이게 돼서 흐름을 볼 수도 없게 되고... 유용하게 보던 정보인데말이죠. ux기획이 엉망인것 같아요. 기획한 분이 주식을 안해본 분이신가.. 제발 이전의 ui로 롤백 해줬음 하네요. 증권앱을 바꿔야하나.. 안그래도 자주 앱 먹통 되던걸로 제때 못팔아서 손해보고 그런거 대처도 제대로 안해주는거 열받는데",https://play.google.com/store/apps/details?id=com.kakaopay.app&hl=ko,2026-07-16
WS3-KA-012,1ad96ad8-00be-4eef-b5eb-0afcec65ab56,카카오페이증권(카카오페이 앱 내),구글플레이(KR),1,2023-06-23,2.21.0,부정(1-2성),C9;C2,다른건몰라도 주식매매창을 갑자기 바꿔버리면 어떻케합니까! 이전버전으로 쓸수있도록 방법가르쳐주세요!안그러면 손해배상청구할겁니다! 구매정정의 호가창이 짧고 정정때마다써넣어야되면 촌각을다투는 매매를 어떻케합니까 이전 버전쓸수있게 제발 방법가르쳐주세요,https://play.google.com/store/apps/details?id=com.kakaopay.app&hl=ko,2026-07-16
WS3-KA-013,5c432a92-4479-4815-92bb-3ff635ebf26b,카카오페이증권(카카오페이 앱 내),구글플레이(KR),1,2022-09-08,2.13.2,부정(1-2성),C2;C9,"이번 업데이트 최악인 듯!!! 호가창 보면서 사거나 팔걸 결정 선택 수 있어야는데, 이건 반대로 바꿔 버렸으니.. 매수하려다 역으로 매도하고 매도하려다 역으로 매수하는 사고가 속출 할 듯 ㅎㅎ.. 거기에다 호가창내 숫자들은 흐려서 제대로 보이지도 않고.. 게다가 다른 증권사 앱 처럼 매매동향 보여주는 기능 등은 언제 추가될런지 😭 이대로면 증권사 바꿔얄 듯 ㅎㅎ 추가) 금일 매매 해보니 호가창의 잔량이 실제 잔량이 아닙니다. 이 앱으로 주식 매매는 중단해야것네요 😭",https://play.google.com/store/apps/details?id=com.kakaopay.app&hl=ko,2026-07-16
WS3-KA-014,2e152f28-7242-4522-b3f9-7a4a4f876821,카카오페이증권(카카오페이 앱 내),구글플레이(KR),1,2022-03-05,2.6.2,부정(1-2성),C2;C8,진짜 엉망이네요 구매창 판매창 이용시 현재가 거래가가 아닌 매수시 현재가+3% 매도시-3%로 거래설정 되어있는거 도대체 언제 수정합니까 그리고 국내주식 호가창은 제대로 나오는데 해외주식 호가창 한줄만 보이는데 이것도 수정할 생각도 없으신거 같고 개판임..,https://play.google.com/store/apps/details?id=com.kakaopay.app&hl=ko,2026-07-16
WS3-KA-016,14093165891,카카오페이증권(카카오페이 앱 내),애플앱스토어(KR),1,2026-05-22,26.4.0,부정(1-2성),C1;C2,"[대체 이걸로 어떻게 주식하라는거지…] 주식앱인데 화면 넘어갈때마다 로딩은 기본, 차트는 변하는데 가격은 바로 반영도 안돼고, 팔려고하면 보유하고 있는 주식이 없다고 뜨는것도 한두번도 아님. 매분매초 가격이 변하는게 주식인데 보유주식없다고 떠서 화면 새로고침도 진짜 몇번씩함. 차트에서 매수매도 누를때도 로딩걸려서 원하는 가격 놓치는 것도 매번 일어나는일. 그렇다고 업데이트를 안한것도 아니고 전엔 아이폰이 오래되서 그렁가 했더니 지금은 아이폰17프로인데도 똑같음. 주식에서 로딩걸리고 보유주식없다고 뜨는 앱은 이게 유일. 그렇다고 수수료라도 싼가? 최악이야 진짜",https://apps.apple.com/kr/app/id1464496236,2026-07-16
WS3-KA-018,240b084a-329e-4321-9e02-80b43480919b,카카오페이증권(카카오페이 앱 내),구글플레이(KR),1,2024-01-09,2.25.0,부정(1-2성),C2;C7,정말 이걸로 주식하지마세요. 시장가하면 상향도 겁나 싸게 팔고 살땐 겁나 비싸게 사고 개판임 25퍼 수익중이던거 시장가로 파니가 6프로 수익이고 맨날 멈추고 전용 앱을 만들든지 개판 암걸림. 앱 잘못써서 손해 엄청 봄.,https://play.google.com/store/apps/details?id=com.kakaopay.app&hl=ko,2026-07-16
WS3-KA-019,14284977477,카카오페이증권(카카오페이 앱 내),애플앱스토어(KR),2,2026-07-09,26.5.10,부정(1-2성),C4,"[증권에서 투자 동향 어디갔나요?] 외인, 기관 사고파는 내역 왜 사라졌죠?  사고 팔기도 쉽고 한눈에 필요한 정보가 잘 담긴 UI 때문에 쓰는건데 이런 정보들 없애면 굳이 이 어플 쓰고 싶지 않은데요~  또 일반 증권계좌에서는 토론방이 보이는데 isa 랑 ria 계좌에서는 왜 안보이나요??????????",https://apps.apple.com/kr/app/id1464496236,2026-07-16
WS3-KA-020,13807661640,카카오페이증권(카카오페이 앱 내),애플앱스토어(KR),1,2026-03-02,26.1.20,부정(1-2성),C1,[증권] 야이씨 ㅂ 3월3일 또적으러옴 장난하나ㅡㅡ오늘 중요한 날인거 모름? 와 진심 갈아탄다 아니 저번주에 그렇게 오류나고 난리났음  처신을 해야할꺼 아니냐고   다른건 모르겠는데 증권 렉 ㅡㅡ 아 이제 안씀 다시 토스아니면 kb로 갈아타야겠음 렉 장난아니고 빨리 사고 팔아야 하는데 오늘도 연휴 끝나고  첫장 이라 사람이 많이 몰릴꺼 알면 알아서 처신을 해야지  증권어플 따로 만들던가  렉 걸리다 결국 안됨,https://apps.apple.com/kr/app/id1464496236,2026-07-16
WS3-KA-022,13246313634,카카오페이증권(카카오페이 앱 내),애플앱스토어(KR),1,2025-10-09,25.8.11,부정(1-2성),C1;C11,[카톡 주식거래 오류] 이틀연속 주식거래 안되서 손해 본거 보상도 안해줄거면 한눈에 보기 쉽게 카톡 마냥 공지사항으로 죄송합니다 뭐뭐뭐 때문에 오류가 났습니다 라고 안내를 하던가 이런 사태를 대비해 서버창을 늘리던가 해야지 공지사항도 내가 커뮤니티 댓글 보고 상황체크해야함?? 카톡도 이상한걸로 업뎃해서 개인프라이버시 다 공개로 바꿔놓고 카카오 페이도 오류 생기고 왜이러나요 요즘 카카오는,https://apps.apple.com/kr/app/id1464496236,2026-07-16
WS3-KA-024,67bda73f-1fe7-401f-831d-9f3973df487a,카카오페이증권(카카오페이 앱 내),구글플레이(KR),2,2026-03-27,26.2.20,부정(1-2성),C1;C11,"안녕하세요. 카카오페이증권을 이용 중인 사용자입니다. 최근 발생한 서비스 오류들에 대해 강력히 항의하고자 글을 남깁니다. ​주식 거래는 초 단위로 자산 가치가 변동하는 매우 민감한 영역입니다. 그럼에도 불구하고 최근 매도 취소를 요청했으나 즉시 처리되지 않아 적기에 대응하지 못했으며, 특정일에는 아예 접속조차 불가능한 상황이 발생했습니다. ​이러한 잦은 시스템 불안정은 투자자에게 심각한 금전적 손실과 심리적 불안을 초래합니다. 단순한 사과를 넘어, 해당 오류들의 구체적인 발생 원인과 향후 재발 방지를 위한 확실한 대책을 답변해 주시기 바랍니다. 또한, 시스템 오류로 제때 거래하지 못해 발생한 피해에 대한 보상 기준이 마련되어 있는지도 명확히 밝혀주십시오.",https://play.google.com/store/apps/details?id=com.kakaopay.app&hl=ko,2026-07-16
WS3-KA-025,54f83fb0-e8f7-48e7-a59a-4bd07c1ca4c4,카카오페이증권(카카오페이 앱 내),구글플레이(KR),3,2026-03-16,26.2.10,중립(3성),C4;C13,증권 호가주문에 내 수익률 퍼센트나오면 좋겠네요 폰으로밖에 못하니까 일반주문들어가서 퍼센트보고팔려고하면 주문 늦어져서 3틱4틱밀릴때가있어서요,https://play.google.com/store/apps/details?id=com.kakaopay.app&hl=ko,2026-07-16
WS3-KA-026,c5f14fb3-8019-4f87-a080-c320d6da0a0e,카카오페이증권(카카오페이 앱 내),구글플레이(KR),1,2026-02-19,26.1.10,부정(1-2성),C1;C7,주식장이 열렸는데 매도버튼을 없에버려서 팔지를 못하게 하네 ㅋㅋㅋ 실시간으로 가격은 떨어지고 있는데 보고만 있어야 하다니 팔지 못해서 발생한 내 손해는 누가 책인져주나??,https://play.google.com/store/apps/details?id=com.kakaopay.app&hl=ko,2026-07-16
WS3-KA-028,1035b8eb-9eb0-4790-a620-201311017645,카카오페이증권(카카오페이 앱 내),구글플레이(KR),1,2025-10-08,25.8.11,부정(1-2성),C2;C7,페이결제 알림도 안 오고 송금 알림도 안 오고 주식거래 알림은 왔다가 안 왔다가 지맘대로에 주식시장가 판매했더니 판매도 안 돼 취소도 안 돼 몇분뒤에 취소됐다고 알림 뜨더니 또 몇분뒤에 취소됐던게 시장가로 판매돼서 손해나질않나 이 내용들 카톡으로 알림도 안 오고 대체 뭐하자는거죠? 어떻게 오늘 하루종일 멀쩡한게 하나도 없어요? 어제도 주식 본장 시작하고 오류나더니 오늘은 증권뿐만이 아니라 다같이 오류나기로 한건가요?,https://play.google.com/store/apps/details?id=com.kakaopay.app&hl=ko,2026-07-16
WS3-KA-030,f7f33789-c54c-4424-9dc3-5afce0066e49,카카오페이증권(카카오페이 앱 내),구글플레이(KR),1,2022-11-06,2.14.4,부정(1-2성),C4;C2,"주식 앱은 신뢰가 의심되고, 고객대응도 무책임이다. . 나의경우 매수 순간 -3000%가 되기도 하고, -5% 였던 종목이 갑자기 +30% 가 되었다. 수익률이 순간 +가 되니 손해임에도 불구하고 매도하게되고. 반대로 수익이 났음에도도 불구하고 수익율이 -가 되니 매도도 못하고~~ 고객센터에 물어보니 앱의 오류로 인한 매도, 매수도 사용자 책임이라는 말만한다. 헐~~^^ . 사용자 분들은 거래할때마다 평단가, 수익률 일일이 계산하면서 거래하셔야할듯~~ ㅠㅠ",https://play.google.com/store/apps/details?id=com.kakaopay.app&hl=ko,2026-07-16
WS3-KA-031,d92c7fb3-c55f-4be5-9102-f239d9a4a780,카카오페이증권(카카오페이 앱 내),구글플레이(KR),3,2022-03-29,2.6.2,중립(3성),C2;C13,"이런 저런 정보를 보는 차원에서는 좋습니다만, 거래용으로는 좀... 특히 몇 초 차이로 거래 안되거나 주문 정정등이 안되서 손해를 많이 봤는데... 진짜 생체 인식은 에러임. 빠른 매매를 위해 전용단말기 선정 등으로 주문속도를 높이는 것이 필요할 것 같습니다. 커스터마이징이 되어서 예약매매, 미체결매매정정 등에 대한 직관적 세팅이 가능하면 좋겠습니다. HTS만큼은 아니지만 카카오의 강점인 직관성을 이용하면 기존 엑셀+차트만 보는 매매패턴에서 진일보 할 수 있을 듯.",https://play.google.com/store/apps/details?id=com.kakaopay.app&hl=ko,2026-07-16
WS3-KA-033,13811062250,카카오페이증권(카카오페이 앱 내),애플앱스토어(KR),1,2026-03-03,26.1.20,부정(1-2성),C8;C6,"[미장국장 다하면 쓰면 안됨] 국장에서 들고 있던 달러까지 팔아서 매수하게 돼 있습니다. 미장은 $, 원+$ 선택을 할 수 있는데 국장은 무조건 원+$에 미수쓰면 몇 주 살 수 있다고 알려주네요. 개발한 사람들은 카페로 미장국장 다 하진 않나봅니다",https://apps.apple.com/kr/app/id1464496236,2026-07-16
WS3-KA-035,58a01aaf-757e-4985-bd1b-6ff41a8d9148,카카오페이증권(카카오페이 앱 내),구글플레이(KR),1,2026-05-12,26.3.11,부정(1-2성),C9;C6,복잡해죽겠네 사고팔기좀 쉽게 개선좀 해요 메뉴 찾다가 시간 다 보내네 두번다시 투자하는데 안씀,https://play.google.com/store/apps/details?id=com.kakaopay.app&hl=ko,2026-07-16
WS3-KA-036,dca23207-fcf7-44bc-8c18-39a4bf51dbba,카카오페이증권(카카오페이 앱 내),구글플레이(KR),1,2026-05-11,미상,부정(1-2성),C14,"처음 개설하자마자 이체하면서 자동정지. 피싱때문이라던데...상담원연결후 본인확인위해 영상확인,신분증확인...그래서 그냥 삭제해달라고 함.개설계좌 해지, 페이탈퇴. 나도 주식한번 해볼라고 했는데, 하지말라는 신의 계시인듯. 그냥 은행이자로 안전하게 적게먹고 살래요.ㅎㅎㅎ",https://play.google.com/store/apps/details?id=com.kakaopay.app&hl=ko,2026-07-16
WS3-KA-037,c520b36c-fd68-4733-a383-68405134f615,카카오페이증권(카카오페이 앱 내),구글플레이(KR),3,2026-04-29,26.3.1,중립(3성),C4,앱이 점점 무거워지는 듯해요. 간단 메뉴가 아니라 복잡메뉴인듯 하네요. 개별 주식 정보란(차트) 오른쪽 상단에 있던 숫자 거래량도 사라지고 아쉽네요. 거래할 때 참고하기 좋았는데~,https://play.google.com/store/apps/details?id=com.kakaopay.app&hl=ko,2026-07-16
WS3-KA-039,442ce14e-cb06-4c68-a42e-791f31aeea71,카카오페이증권(카카오페이 앱 내),구글플레이(KR),1,2026-03-09,26.2.2,부정(1-2성),C14,"토스로 갈아탄다. 해킹 피해 면책용으로 정기 인증 구조는 만들어 놓고 정작 서비스 설계의 기본인 인증 만료 관리 프로세스는 통째로 빠져 있다. 재인증 시기 도래 알림, 만료 전 사전 재인증 유도, 인증 만료로 인한 앱 연속 사용 차단 방지, 앱 내 대체 인증 채널 설계까지 전 과정이 비어 있다. 단순 계좌 조회 앱도 아니고 증권 거래까지 붙어 있는 금융 플랫폼이 인증 만료 한 번으로 서비스가 막히는 구조라니 설계 수준이 처참하다. 금융 서비스에서 인증은 재사용 빈도가 가장 높은 핵심 프로세스인데, 실물 신분증 촬영 말고는 대체 수단 하나 안 만들어 둔 것도 이해안된다. 카카오 계열사 개발자 들어가기 어렵다느니 하는 얘기 많이 들었는데 이 정도 결과물이면 개발 문제가 아니라 인사 관리부터 다시 봐야 하는 수준이다. 이런 기본적인 사용자 플로우도 설계 못 하는 조직이면 채용 기준이 뭔지 궁금해질 정도다.",https://play.google.com/store/apps/details?id=com.kakaopay.app&hl=ko,2026-07-16
WS3-KA-044,08c1f317-ceff-4753-8c6d-15dd2308e213,카카오페이증권(카카오페이 앱 내),구글플레이(KR),2,2023-04-25,2.19.6,부정(1-2성),C3;C6,페이증권 해외주식 소수점거래 사는건 되고 파는건 안되네요 소수점매도는 지정가 매매가 안되네요 -3% 에 던지라네요 사는거는 되고 파는거는 거래가능시간이 아니라네요 좋아요 좋아 굿바이 페이증권~~~안녕,https://play.google.com/store/apps/details?id=com.kakaopay.app&hl=ko,2026-07-16
WS3-KA-045,0693757a-b342-4c34-bb68-da9810dbd5d6,카카오페이증권(카카오페이 앱 내),구글플레이(KR),1,2023-02-24,2.17.6,부정(1-2성),C5;C7,카카오 미국 주식 수수료 0.05프로 라서 싼거라 생각 하고 토스에서 넘어왔다가 환전 수수료 내고 충격먹음 환전 수수료가 1프로임 ㅋㅋㅋㅋ 완전 사기꾼들이네 토스는 환전 수수료 95% 할인해서 0.0095임 아무생각 없이 옮겼다가 환전 수수료로 한방에 80만원 날림 미국주식은 토스하세요,https://play.google.com/store/apps/details?id=com.kakaopay.app&hl=ko,2026-07-16
WS3-KA-046,1dfd8d41-09a1-4e5a-8efc-58fca948e10e,카카오페이증권(카카오페이 앱 내),구글플레이(KR),3,2023-01-16,2.17.1,중립(3성),C4,카카오페이증권 이번에 UI 많이 바뀌었는데 차트는 조금 더 신경을 쓰셔서 개선이 된 건 맞는데.. 전문가 의견란 이전처럼 다시 복구해 주실 수 없으실까요? 각 증권사 애널리스트의 매도/매수 의견이 매우 유용한데 한국주식은 의견란이 아예 사라졌네요 그리고 전문가 의견에서도 점수에 따라 라이언 캐릭터가 춤추고 고민하고 중립유지하고 이런게 직관적인 건데 또 카카오만의 고유한 정체성을 드러내는 건데 캐릭터표시도 아예 없애고 점수만 표시한 건 퇴보라고 생각합니다. 심미적으로 되려 마이너스입니다. 그냥 보기불편한 가로바만 점수로 길쭉하게 나타나고.. 장점을 스스로 걷어찬 느낌이 드네요. 관련 팀에 건의가 있다고 전달해주시면 감사하겠습니다.,https://play.google.com/store/apps/details?id=com.kakaopay.app&hl=ko,2026-07-16
WS3-KA-048,4a741b76-0bf0-448a-a6a7-afb73ee5d684,카카오페이증권(카카오페이 앱 내),구글플레이(KR),3,2022-10-03,2.14.2,중립(3성),C6;C4,미국주식 내 평단을 내가 샀던 환율기준으로 원화로 볼 수 있었으면 좋겠어요 달러만 나와있으니까 모르겠어요,https://play.google.com/store/apps/details?id=com.kakaopay.app&hl=ko,2026-07-16
WS3-KA-052,5c1928ef-02fd-4f1a-8d40-53e132b55a9a,카카오페이증권(카카오페이 앱 내),구글플레이(KR),3,2026-06-09,26.4.10,중립(3성),C4;C6,토스처럼 애프터마켓종가로 내 주식 수익을 보여줘야지 정규장종가로 수익을 계산하니 많이 헷갈림.분명히 애프터마켓에서 상승해서 플러스 수익인데 마이너스로 보여주니 그냥 앱을 사용하기가 싫음,https://play.google.com/store/apps/details?id=com.kakaopay.app&hl=ko,2026-07-16
WS3-KA-054,541e3174-ed73-467c-bacc-272d70087a3a,카카오페이증권(카카오페이 앱 내),구글플레이(KR),2,2026-03-24,26.2.20,부정(1-2성),C4,도대체 주식 주문창에 체결강도랑 호가 비율 왜없엔거임? 갈아타야하나 제정신아닌듯,https://play.google.com/store/apps/details?id=com.kakaopay.app&hl=ko,2026-07-16
WS3-KA-055,d6a43459-490f-4d6d-b388-315c3d4fbce9,카카오페이증권(카카오페이 앱 내),구글플레이(KR),3,2026-03-16,26.2.10,중립(3성),C2;C13,"카카오페이 ISA 는 원하는 가격에 매도 매수 기능이 왜 없나요? 타 증권사들은 ISA 에도 당근 스탑로스 있죠 커뮤댓글 달리는 데 , 카카오페이 증권에는 있는데. 카카오페이 ISA 에는 왜 없죠? 고객센터도 카카오페이 증권만 된다고 확인. 빨리 만들어 주십쇼",https://play.google.com/store/apps/details?id=com.kakaopay.app&hl=ko,2026-07-16
WS3-KA-056,15eba809-d6ab-4fc4-8194-fbd4758ff098,카카오페이증권(카카오페이 앱 내),구글플레이(KR),1,2026-03-14,26.2.10,부정(1-2성),C9,최악입니다 이번 ui왜 바꿨어요???? 호가 보유 메뉴 왜 위로 올렸어요?? 버튼하고 떨어져있어서 더 불편하고 이동하기 힘들어요 그 전엔 하단영역에서만 움직이니까 편했는데 진짜 주식 안해본사람이 기획하나요???? 최악이예요 토스따라하고싶어서 그러면 더 좋게하던가 쓰레기앱같아요,https://play.google.com/store/apps/details?id=com.kakaopay.app&hl=ko,2026-07-16
WS3-KA-059,8b8ec065-1142-4092-9889-f7f44648bde4,카카오페이증권(카카오페이 앱 내),구글플레이(KR),1,2026-02-21,26.1.10,부정(1-2성),C1,"[증권] 사용성은 별5점, 다만 트래픽이 몰릴때 제대로 동작하지 않음 (이미 커뮤에서 한참 전부터 제기된 문제였으나 반복됨, 작년 추석에도 난리였음, 막상 당하니 최악, 주식 거래 타이밍을 놓쳐 발생한 손해는 고스란히 본인 몫, 장초반/특히 연휴 직후는 미리 서버 증설해서 대비 필요해 보임) -> 27년 2월에 재평가 예정",https://play.google.com/store/apps/details?id=com.kakaopay.app&hl=ko,2026-07-16
WS3-KA-060,1500bd51-96be-4448-a2c4-2058f0cf1478,카카오페이증권(카카오페이 앱 내),구글플레이(KR),1,2026-01-22,25.11.10,부정(1-2성),C1;C7,"혹시 주식하려면 카카오페이 쓰지말고 기존 미래,나무,삼성 중 하나써라 카카오 앱이 무겁고 결정적일때 일시적오류 떠서 어플 재설치해도 똑같고 미쳐버림... 제때 매도 못해서 3프로 손해보면서 매도함.....",https://play.google.com/store/apps/details?id=com.kakaopay.app&hl=ko,2026-07-16
WS3-KA-063,845360d8-d3d3-4f2d-b0b5-9744c90daea9,카카오페이증권(카카오페이 앱 내),구글플레이(KR),1,2026-01-10,25.11.1,부정(1-2성),C4,자산-투자손익 탭에서 오류가 너무 많아요 내 마이 데이터를 불러왔을 텐데도 매도매수 갯수 안맞고 금액도 안맞고요 직접 입력하기 떴던 거 입력해도 혼자 매도 개수 뻥튀기돼서 금액도 뻥튀기되고 연결 해제하고 다시 연결하면 정상적인 데이터로 보였다가 다시 데이터 이상해짐.... 이걸 몇 번 반복하고 나니까 카카오페이 투자 손익 탭은 안 보는 게 나을 듯.... 기왕 만들어놨으면 제대로 좀 만들어 주세요,https://play.google.com/store/apps/details?id=com.kakaopay.app&hl=ko,2026-07-16
WS3-KA-064,5b00131c-b1f9-48fd-9c76-a92b126db14d,카카오페이증권(카카오페이 앱 내),구글플레이(KR),3,2025-12-05,25.10.1,중립(3성),C2;C6;C7,제경우는 사용하기 너무좋아요 하지만페이증권에서 주식을했는데 항공우주에서 최고가에 판매를했는데그날이 금요일인데 판매가 되어있었어요 그런데 휴일이지나 월요일에 다시검색했는데판매가 이루에지지않아서 다시 판매릀하려해도 이미주식이 너무떨어져서~ 이제는팔수없어요 너무 떨어졌어요.카카오주식은 디시는하고싶지않아요,https://play.google.com/store/apps/details?id=com.kakaopay.app&hl=ko,2026-07-16
WS3-KA-065,351226a4-acf7-488b-abda-e47566420ad3,카카오페이증권(카카오페이 앱 내),구글플레이(KR),1,2025-10-10,25.8.12,부정(1-2성),C1;C6,카카오페이 증권 매수 매도시 실행 오류들이 지속적으로 일어나네요...(Fix 접속 상태를 확인 하라는데 해결 방법도 안써져있네요 도대체 Fix 접속 상태가 뭔가요..) 금전적 부분이 걸려있는만큼 현 사태를 심각하게 인지해 주셨으면 합니다,https://play.google.com/store/apps/details?id=com.kakaopay.app&hl=ko,2026-07-16
WS3-KA-066,c1cf8a27-6144-4c36-aa1b-c0f626ecb3f0,카카오페이증권(카카오페이 앱 내),구글플레이(KR),1,2025-10-08,25.8.11,부정(1-2성),C1;C11,"증권, 판매가 안되서 손해보고 나왔는데 어떡하실 건지요? 익절을 못했어요 어플때문에. 어제부터 먹통되서 손해본 사람들이 상당한데 금융감독원에 민원 넣어야 되나요? 어플 오류로 판매가 안되는게 말이 됩니까? 벌써 리뷰를 몇번이나 남겼는데 어째 더 심해지나요?",https://play.google.com/store/apps/details?id=com.kakaopay.app&hl=ko,2026-07-16
WS3-KA-071,98d0185d-baee-4459-9686-db753413fc62,카카오페이증권(카카오페이 앱 내),구글플레이(KR),1,2023-07-05,2.21.2,부정(1-2성),C6;C9,제발 주식 창 다시 돌려줬으면.... 너무 어려워짐... 미국 주식은 아예 모하겠고 지금 돈으로 살수있는 갯수 구매 버튼이 없어짐... (주식 계좌에 얼마 남았는지 모르는데) 돈이 달러로 돼있으니 구매할때 넘 헷깔리고....,https://play.google.com/store/apps/details?id=com.kakaopay.app&hl=ko,2026-07-16
WS3-KA-074,5b42bd58-b4c8-4144-986c-133be985412f,카카오페이증권(카카오페이 앱 내),구글플레이(KR),2,2022-09-06,2.13.2,부정(1-2성),C13;C6,해외주식 지정가도 금액으로 매수 매도 기능 있으면 좋겠습니다 수량개산하기 힘듬,https://play.google.com/store/apps/details?id=com.kakaopay.app&hl=ko,2026-07-16
WS3-KA-075,ebb72c0e-56cc-49d4-a892-9782e82f45b3,카카오페이증권(카카오페이 앱 내),구글플레이(KR),1,2022-08-19,2.12.0,부정(1-2성),C2;C7,주식거래용으로는 비추. 몇초사이로 계속 거래 채결이 늦어지면서 손해보는 경우가 많음.예약주문.도 잘 안되며 그냥 차트보는 용도로만 사용하는걸 추천 이어플로 거래하면 손해 막심할거에요. 초당으로 가격은 변하는데 채결은 안되고 진짜 마음이 조마조마하고 짜증 이빠이.,https://play.google.com/store/apps/details?id=com.kakaopay.app&hl=ko,2026-07-16
WS3-KA-076,e708583d-acb2-493a-8faa-8ff4844279d9,카카오페이증권(카카오페이 앱 내),구글플레이(KR),1,2022-07-06,2.10.1,부정(1-2성),C5;C7;C10,거래대금은 왜 안보이는거에요? 그리고 미국주식 거래수수료 왜 이렇게 비싸요? 미국주식 못하겠네요.. 그리고 거래 할때 체결이 너무 느리다니깐요.. 카카오페이 에 연동된 증권 덕분에 350만원 날렸네요.. 이번에 남은돈 출금 하면 증권 하게끔 유도해서 돈 날리게 만든 카카오페이 삭제할겁니다. 당신들은 악마입니다..,https://play.google.com/store/apps/details?id=com.kakaopay.app&hl=ko,2026-07-16
WS3-KA-077,019279e9-b1d7-4d22-9269-2b4d1fb238b7,카카오페이증권(카카오페이 앱 내),구글플레이(KR),2,2022-05-06,2.8.1,부정(1-2성),C10,증권에서 누군지 알수 없는 익명의 사람이 전문가란 이름으로 적극매수부터 적극매도까지 투자의견을 참고하라고 게시해둔점은 의도와 달리 오히려 문제소지가 있는것 같습니다. 전문가로서 투자의견을 게시하려면 소속직책이름과 해당의견을 낸 시점도 같이 게시해야 되지 않을까요?,https://play.google.com/store/apps/details?id=com.kakaopay.app&hl=ko,2026-07-16
WS3-KA-078,ed18df59-ffcd-41a8-9cc8-35874540fe1e,카카오페이증권(카카오페이 앱 내),구글플레이(KR),2,2022-02-23,2.6.0,부정(1-2성),C2;C13,"주식 지정가에 매도 주문 걸어놓고 당일 매도하지 못한채 장이 마감되면 다음날 또 다시 매도 주문을 넣어야되는 불편함이 있습니다. 한번 지정가 매도 주문을 걸어놓고 당일 매도하지 못하면 다음날, 그다음날도 자동으로 매도 주문 이어지도록 개선부탁드립니다.",https://play.google.com/store/apps/details?id=com.kakaopay.app&hl=ko,2026-07-16
WS3-KA-082,13246163279,카카오페이증권(카카오페이 앱 내),애플앱스토어(KR),1,2025-10-09,25.8.11,부정(1-2성),C2,[주식 주문 관련 에러] 리뷰를 잘 쓰지 않는데 근래 들어 주식 주문이 에러로 인해 안되는 경우가 많습니다 제때 주문하는 게 얼마나 중요한지는 말 안해도 아실거라 생각이 들구요 구매 판매 버튼도 생겼다가 사라지는 문제도 있네요  예약 주문을 넣어놓고 당연히 할거라 생각했는데 주문이 안들어 가져있는 걸 보면 어찌나 어이없는지요  제대로 된 수정 부탁드립니다,https://apps.apple.com/kr/app/id1464496236,2026-07-16
WS3-KA-084,12871728473,카카오페이증권(카카오페이 앱 내),애플앱스토어(KR),1,2025-07-09,25.6.0,부정(1-2성),C2;C7,[카카오페이 매도할때 디폴트가 시장가로 하게하세요] 씨이발 팔려했는데 못팔아서 떨어졌잖어요,https://apps.apple.com/kr/app/id1464496236,2026-07-16
WS3-KA-085,9de6b35b-5592-4867-b6ef-97cdf9d62ecd,카카오페이증권(카카오페이 앱 내),구글플레이(KR),1,2026-05-26,26.4.1,부정(1-2성),C4,아니 주식..나도모르는사이에 상폐가되고있는데 상폐전에 왜 알림안줘요? 알림도안줄거면서 카톡친구추가는 뭐하러하는거야ㅡㅡ,https://play.google.com/store/apps/details?id=com.kakaopay.app&hl=ko,2026-07-16
WS3-KA-087,3fccabd1-6748-4e22-bd98-9441ee788011,카카오페이증권(카카오페이 앱 내),구글플레이(KR),1,2026-02-05,26.1.2,부정(1-2성),C3;C6,너무 불편하다 매도한 금액 어디서 이체해야하는지도 모르겠음,https://play.google.com/store/apps/details?id=com.kakaopay.app&hl=ko,2026-07-16
WS3-KA-090,e7bb5ef6-8a65-4173-ba97-375ee6a26dc4,카카오페이증권(카카오페이 앱 내),구글플레이(KR),1,2023-09-13,미상,부정(1-2성),C3,주식 팔렸는데 아직 그대로 남아있네요 잔금언제 들어오나요?? 계속 들고 있는데 판매도0주 라고 뜨고 일똑바로 합시다,https://play.google.com/store/apps/details?id=com.kakaopay.app&hl=ko,2026-07-16
WS3-KA-093,103d12f5-616c-4d13-871a-85c3e6bb1504,카카오페이증권(카카오페이 앱 내),구글플레이(KR),1,2022-11-04,2.14.4,부정(1-2성),C4,카카오톡으로 오는 카카오페이 공모주 알림톡의 정보가 정확했던 예전과 달리 간간히 부정확합니다 공모주 청약이나 상장일 알림이 떠서 세부사항 일정에 들어가봐도 해당사항이 없는 경우가 있습니다 청약이 시작되어도 공모예정가 (최저가~ 최고가) 가 떠 있거나 경쟁률이 4시 마감 때까지 대기중으로 계속 떠 있거나 하는 중대한 오류를 한 두번 본 게 아닙니다 처음에는 실수겠지 했는데 너무 잦아져서 여기에 컴플레인까지 올립니다 이게 시스템 오류가 나서 먹통이 된다던가 하는 것도 아니고 정보값 넣는 부서에서 계속 실수를 하고 있다는 건데 이런 케이스를 어디에서 본 적도 없어서 황당하네요 정상화 부탁합니다,https://play.google.com/store/apps/details?id=com.kakaopay.app&hl=ko,2026-07-16
WS3-KA-108,83e199ca-dbf0-4114-867f-b76a00ffb4d7,카카오페이증권(카카오페이 앱 내),구글플레이(KR),3,2026-06-24,26.5.1,중립(3성),C9,카카오페이증권 사용자입니다. 다 마음에 듭니다. 하지만 이번 업데이트에 주식 구매시 평균 수익률에서 평균 단가로 보이는게 바뀌어서 너무너무 불편합니다. 다음 업데이트에 꼭 다시 롤백 해주시길 간절히 부탁드립니다,https://play.google.com/store/apps/details?id=com.kakaopay.app&hl=ko,2026-07-16
WS3-KA-110,9904bd57-3449-45e8-bf71-56358e4aea86,카카오페이증권(카카오페이 앱 내),구글플레이(KR),1,2026-05-23,미상,부정(1-2성),C6,"4월6일부터 해외레버리지ETF 매수,매도 했었는데 왜 기본예탁금 1000만원을 채우라는거죠?",https://play.google.com/store/apps/details?id=com.kakaopay.app&hl=ko,2026-07-16
WS3-KA-111,e6a246fa-2fae-4c6f-85c6-874206b11e01,카카오페이증권(카카오페이 앱 내),구글플레이(KR),1,2026-05-19,26.4.1,부정(1-2성),C3;C6,주식 모으기로 소액으로 모으니 1주가 안되면 팔지도 못하고 어디로 옮기지도 못하네? 그럼 죽을때까지 들고만 있어야하나? 1주가 아니어도 모으기가 가능했으면 파는것도 1주가 아니어도 가능해야지 장난치나,https://play.google.com/store/apps/details?id=com.kakaopay.app&hl=ko,2026-07-16
WS3-KA-113,9a69b61a-072c-410f-a912-385bbe9310bf,카카오페이증권(카카오페이 앱 내),구글플레이(KR),3,2026-05-06,26.3.11,중립(3성),C2,이거 어제 오늘도 아니고. . 주식에서. . 내가 주문한 내용은 반영 되지 않는 경우가 많아서 답답.. 스탤스 주문이 되는 가운데 그래도 거래는 되는데. . 어떤 때는 주문 내용이 반영되지만 어떨 때는 스텔스. . 대부붐 스텔스 현상이 . . 무슨 문제인지. 나만 이런 현상이. . ? 아니면 폰 설정이 잘못.?,https://play.google.com/store/apps/details?id=com.kakaopay.app&hl=ko,2026-07-16
WS3-KA-116,2cf95377-fbb6-45f1-b85a-9f0a921170f2,카카오페이증권(카카오페이 앱 내),구글플레이(KR),1,2026-02-19,26.1.10,부정(1-2성),C1;C3,연금저축계좌 수익 많이나서 팔려는데 주식없다고 팔기가 안뜨는건 뭐고 빨리고쳐라 임마들아 내돈 녹는다고,https://play.google.com/store/apps/details?id=com.kakaopay.app&hl=ko,2026-07-16
WS3-KA-121,d691d290-5910-4d6f-93ae-78dbe423250e,카카오페이증권(카카오페이 앱 내),구글플레이(KR),1,2026-01-22,25.11.10,부정(1-2성),C1;C11,일시적오류라면서 다시 재설치해도 안들어가지고 30분째 이러고있는데 주식 제 때 못팔아서 손해본건 어떡할건가요 너무 화나네요 고객센터 연결도안되고,https://play.google.com/store/apps/details?id=com.kakaopay.app&hl=ko,2026-07-16
WS3-KA-127,50ef47a3-8c81-4f91-932c-7e66357151c1,카카오페이증권(카카오페이 앱 내),구글플레이(KR),5,2023-06-27,2.21.1,긍정(4-5성),C12;C13,어렵고 입문하기 힘들어 보이는 주식을 쉽게 시작해 볼 수 있어서 좋았습니다! 근데 혹시 주식 가리기 기능 만들어 주시면 안될까요? 몇몇 주식은 당분간 보고싶지 않을 때가 있는데 눈에 보이니 참 아이러니 해서요😂 혹시 가능하다면 해당 기능 꼭 좀 부탁드립니다!! 감사합니다🙂,https://play.google.com/store/apps/details?id=com.kakaopay.app&hl=ko,2026-07-16
WS3-KA-128,befcea7e-0d25-4b57-9b9d-5bb0955fa4af,카카오페이증권(카카오페이 앱 내),구글플레이(KR),4,2026-04-09,미상,긍정(4-5성),C12,카카오페이증권 어플 좋아요! 정말 잘 쓰고 있습니다. 매도 매수 주문하기 쉽고 어플도 한눈에 보기 좋아 평소에 잘 쓰고 있습니다. 커뮤니티도 보면서 잘 활용하는 앱이고 사용자들이 쉽게 접근할수 있게 만들어주셔서 감사합니다. 1~2년 정도 ISA계좌에 안 넣고 싶은 계좌를 안 보이게 단기투자용 장기용(1~2년) 계좌가 따로 구분되었으면 좋겠어요. 안 보게 하기 위해 다른 회사걸 쓰게 되네요 카카오증권을 더 원활히 이용하고 싶어 건의 드려요~,https://play.google.com/store/apps/details?id=com.kakaopay.app&hl=ko,2026-07-16
WS3-KA-130,b43cb33f-f038-449f-a201-2bf7a244f962,카카오페이증권(카카오페이 앱 내),구글플레이(KR),4,2022-07-21,2.10.1,긍정(4-5성),C4;C5,잘 사용하고있는데 1. 환전 수수료 및 스프레드에 대한 안내 2. 미국 주식 매도시 세금계산 에 대한 서비스가 부족합니다. 환율 스프레드가 너무 커서 환전 매도 매수할때 손해가 너무커요 우대 환율적용되는거 맞나요?,https://play.google.com/store/apps/details?id=com.kakaopay.app&hl=ko,2026-07-16
WS3-KA-131,acd6f21a-4b5f-4b73-88fd-46c1cef7992c,카카오페이증권(카카오페이 앱 내),구글플레이(KR),5,2026-04-10,26.2.20,긍정(4-5성),C12;C13;C7,"증권앱 보기쉽게 너무 잘 사용하고 있습니다 다만, 몇가지 건의사항이 있습니다 1. 주식항목중 숨기기 기능이 있었으면 좋겠습니다 마이너스가 큰 주식항목을 보고싶지 않아서 언제든지 숨기고 해제할 수 있는 기능이 있으면 좋을것 같습니다. 2. +인 항목과 -인 항목을 따로 구분해서 볼 수 있는 카테고리도 추가되면 좋겠습니다",https://play.google.com/store/apps/details?id=com.kakaopay.app&hl=ko,2026-07-16
WS3-KA-132,67720c6f-17f2-43e7-9388-d791fe7e76fe,카카오페이증권(카카오페이 앱 내),구글플레이(KR),5,2023-07-21,2.21.4,긍정(4-5성),C12,주식 초보자들이 사용하기 쉬운 앱이에요! 주주 토론방 아이디어도 몇 층 주주인지 보이는 게 꽤 재밌는 요소인 것 같아요. 페이로운 소식에 가면 재태크 정보들도 쉽게 구할 수 있어서 매일 열어서 보는 편입니다😀,https://play.google.com/store/apps/details?id=com.kakaopay.app&hl=ko,2026-07-16
WS3-KA-134,c26e99c8-222f-4441-9670-917bb33f208a,카카오페이증권(카카오페이 앱 내),구글플레이(KR),4,2023-07-04,2.21.1,긍정(4-5성),C12,"초보자도 쉽게끔 투자할수 있어 좋네요. 주식, 채권 알고요. 페이 사용이 편하고 포인트도 받으니 일석이조.",https://play.google.com/store/apps/details?id=com.kakaopay.app&hl=ko,2026-07-16
WS3-KA-135,0baca07a-2d2e-460a-95f8-f55e6454cb3c,카카오페이증권(카카오페이 앱 내),구글플레이(KR),4,2025-12-30,25.11.1,긍정(4-5성),C4;C9,카카오페이증권도 토스처럼 내가 갖고 있는 주식 누르면 그 주식을 언제 얼마에 몇주 샀는지 그냥 밑에 목록으로 쭉 나왔으면 좋겠네요. 주식을 팔려고 얼마에 몇주씩 샀는지 보려는데 어디서 봐야하는지 아무리 찾아도 안보이고 날짜 조회로 찾는거만 나오던데 날짜 조회하는것부터 이미 불편. 토스는 그냥 내 주식 누르면 날짜 조회 따로 안하고 그 밑에 그냥 주문내역으로 언제 얼마에 몇 주 샀는지 쭉 나와서 보기 굉장히 편함. 그래서 이번에 카카오페이에 갖고 있던 주식 다 팔아버렸는데 다시 카카오페이 증권으로 하지 않을 것 같음.,https://play.google.com/store/apps/details?id=com.kakaopay.app&hl=ko,2026-07-16
WS3-KA-136,13887921012,카카오페이증권(카카오페이 앱 내),애플앱스토어(KR),5,2026-03-25,26.2.21,긍정(4-5성),C9;C4,[왜 더 불편하게 업데이트 하는지] 주식 매수 전 보유 버튼 누르면 추가매수 시 수익률 어떻게 되는지 보여주는 기능은 없앤 건가요? 해외주식 달러를 원화로 보는 방법 변경전이 간편하고 직관적이었는데 눈에 안 띄는 곳으로 밀어버린 이유가 뭘까요?,https://apps.apple.com/kr/app/id1464496236,2026-07-16
WS3-KA-137,c7b02c4a-4a7f-454e-88c4-651f066caf3b,카카오페이증권(카카오페이 앱 내),구글플레이(KR),5,2026-05-06,26.3.11,긍정(4-5성),C4;C6;C13,미국주식 데이.프리.정규.에프터 시장 시간을 아래에 표기좀 해주세요. 지금이야 익숙한데 초보들은 몇시부터 몇시까지 장이 열리는지 인터넷에서 찾아봐먀는 불편함이 있네요,https://play.google.com/store/apps/details?id=com.kakaopay.app&hl=ko,2026-07-16
WS3-KA-138,7346d27a-30b9-4cf7-9ecc-80ed87203b5c,카카오페이증권(카카오페이 앱 내),구글플레이(KR),5,2026-03-17,26.2.10,긍정(4-5성),C12,이번 업데이트로 좀 더 증권앱스러워졌다는 생각이 듭니다. 유저들 피드백도 잘 받아주시는 것 같고 새로운 ui에 익숙하지 않아서 처음엔 조금 불편할 수 있는데 적응하고 나면 다른 증권앱들보다 훨씬 편하게 거래할 수 있을 것 같네요. 수고 많으셨습니다. 감사합니다.,https://play.google.com/store/apps/details?id=com.kakaopay.app&hl=ko,2026-07-16
WS3-KA-139,13379976100,카카오페이증권(카카오페이 앱 내),애플앱스토어(KR),5,2025-11-10,25.9.12,긍정(4-5성),C12;C13,"[아이패드 전용 UI 개선을 기다립니다.] 요즘 핸드폰으로 주식창을 자주 보고 있는데, 가끔 작업할 때는 아이패드로만 집중하는 경우가 있어서 이번에 처음으로 카카오페이를 아이패드에 설치해봤습니다. 아이패드로 주식창을 보니 핸드폰으로 왔다 갔다 하지 않아도 돼서 정말 편하더군요.  다만 아이패드 전용 UI가 따로 있으면 더 좋을 것 같다는 생각이 들었습니다. 혹시 아이패드용 UI 제작 계획이 있을까요?  또 한 가지 아쉬운 점은 아이패드에서 로그인 가능한 기기가 한 곳으로 제한된다는 점이에요. 보안을 위한 조치인 건 이해하지만, 개인 기기 내에서는 조금 더 자유로울 수 있지 않을까 싶습니다.  ‘마음 놓고 금융하다’라는 슬로건처럼, 저도 카페에서 작업하면서 마음 놓고 차트를 볼 수 있는 날이 오길 바랍니다. 개선을 기대하며 앞으로도 응원하겠습니다.",https://apps.apple.com/kr/app/id1464496236,2026-07-16
WS3-KA-140,89223b4c-0db2-4b99-9f1a-4cd4fc3eea9f,카카오페이증권(카카오페이 앱 내),구글플레이(KR),4,2026-03-16,26.2.10,긍정(4-5성),C4;C13,카증은 다 좋은데 해외주식 정보창에서 원화 선택하면 차트나 호가창에서는 달러로만 표시되네요. 토스는 달러/원화가 둘다 표시돼서 편한데 정보/차트/호가창 등에서 원화/달러 둘다 표시해주시면 최고일거 같아요,https://play.google.com/store/apps/details?id=com.kakaopay.app&hl=ko,2026-07-16
WS3-KA-141,3bfb6477-189a-4d72-a250-b09429c5e512,카카오페이증권(카카오페이 앱 내),구글플레이(KR),5,2025-04-08,25.2.10,긍정(4-5성),C6,주문방법 중 시세감시주문은 설정 후 언제까지 유효한가요? 예약주문설정은 어떻게 하는가요? 시세감지와 예약주문차이는 무었인가요?,https://play.google.com/store/apps/details?id=com.kakaopay.app&hl=ko,2026-07-16
WS3-KA-143,ffc31516-6507-489f-a2dd-9f621adb705c,카카오페이증권(카카오페이 앱 내),구글플레이(KR),4,2026-05-08,26.3.1,긍정(4-5성),C13;C12,잘쓰고있는데 주식탭 둥근 그래프로 어떤 종목 몇개있는지도 만들어주시면 안되나요? 도미노가 너무 느려서 건너왔는데 뭐가 얼마나 비중이 있는지 못보니 어렵네요ㅜㅜ,https://play.google.com/store/apps/details?id=com.kakaopay.app&hl=ko,2026-07-16
WS3-KA-149,25b28fff-a136-431d-8906-d7c4081e7735,카카오페이증권(카카오페이 앱 내),구글플레이(KR),5,2026-06-13,26.4.10,긍정(4-5성),C8;C13,"카카오페이증권 너무 잘 쓰고 있습니다. 한 가지 제안을 드리면. 계좌에 마이너스 달러(외화 미수)가 있는 상태에서 '원화 주식판매금 미리받기'를 하면, 받은 돈이 미수금 정산용으로 묶여 출금 가능 금액이 바로 0원이 됩니다. 이때 사용자가 당황하지 않도록 ""미리받기 한 금액이 외화 미수 정산 및 담보로 우선 지정되었습니다. 라는 안내 팝업창이나 문구 한 줄을 꼭 추가해 주세요! 수고하세요 ^^",https://play.google.com/store/apps/details?id=com.kakaopay.app&hl=ko,2026-07-16
WS3-KA-152,77517f4d-696c-4457-8db0-ee9cfd14b67e,카카오페이증권(카카오페이 앱 내),구글플레이(KR),5,2023-12-11,2.24.5,긍정(4-5성),C12,빠르고 간편정보 공유.결제 좋아요 주식 모르는 사람도 편하게 할수 있어요,https://play.google.com/store/apps/details?id=com.kakaopay.app&hl=ko,2026-07-16
WS3-KA-154,13764286868,카카오페이증권(카카오페이 앱 내),애플앱스토어(KR),5,2026-02-18,26.1.10,긍정(4-5성),C1,[위로올라가나 싶어 별점은 다섯개 쓰는데..] 증권 자꾸 터트릴래??!? 주식팔라고 보면 서버 자꾸 터져 한달에 한두번은 터지는거 같음 특히 연휴 끝이나 월요일에…. 이거보다 간편한게 안보여서 썼는데 나진짜 토스로 넘어간다..?,https://apps.apple.com/kr/app/id1464496236,2026-07-16
WS3-KA-157,09747840-ee31-485e-abf2-997d46983a8c,카카오페이증권(카카오페이 앱 내),구글플레이(KR),5,2024-04-24,2.28.1,긍정(4-5성),C9,"카카오페이 주식 이용자입니다 최근에 바뀐 버전으로 좋은 점도 있지만 주식 시작창이 정보창에서 주문창으로 변경된 건 너무 불편합니다 제 주변에는 모두 불편하다고 해서 제가 대표로 글 올립니다 이전 버전처럼 정보창의 그래프를 바로 보는 게 직관적이라 더 좋기 때문이죠 물론 바뀐 버전을 더 좋아하는 분도 있을테니 시작창을 정보로 할지, 주문으로 할 지 이걸 선택할 수 있게 해주셨으면 좋겠어요 그리고 숫자 크기 좀 키워주셨으면 좋겠습니다 보유창에 뜨는 숫자가 너무 작아서 눈이 찌푸려집니다 꼭 개선해 주시기 바랍니다 감사합니다",https://play.google.com/store/apps/details?id=com.kakaopay.app&hl=ko,2026-07-16
WS3-TO-000,4a85df2e-53fe-4b89-b320-666d8850fb27,토스증권(토스 앱 내),구글플레이(KR),2,2025-08-14,5.223.0,부정(1-2성),C6;C14,토스와 토스증권이 연결되어있고 타 앱에 비하면 보기 편한데 문제는 토스증권 송금한도.. 토스증권으로 증권거래 시작시 송금한도 언제 풀릴지 모르며 본인들만의 명확한 기준없이 타 증권사의 데이터를 요구함(크립토거래소 데이터는 인정도안됨). 계좌목적에 맞게 사용시 열어준다면서 제한보다 큰 금액의 증권거래 및 현금이 예치됐음에도 못풀고 하염없이 대기해야 하는 불편함이 있습니다. 송금한도 풀기전에 토스뱅크에서 증권으로 환전수수료 걱정해서 미리 넘겨놓으면 돈이 강제로 묶이는 상황이 벌어집니다. 증권거래 처음 하시는 분들은 타 증권사 쓰라고 돌려 표현하는건지 의문이네요?,https://play.google.com/store/apps/details?id=viva.republica.toss&hl=ko,2026-07-16
WS3-TO-001,14037964382,토스증권(토스 앱 내),애플앱스토어(KR),2,2026-05-07,5.258.0,부정(1-2성),C8;C6,"[조심해서 사용해야할 금융앱이라 생각합니다] 장점 1. 금융의 진입장벽이 낮아짐 2. 모든 자산 통합해서 보기 쉬움 3. 토스프라임 혜택 잘누리고 있음 4. UI/UX 다른 금융앱에 비해 잘돼있음   단점 1. 금융진입장벽이 낮음 >> 개인이 모르고 나락가기쉬움 예를 들어 주식거래에서 옵션이나 미수거래 등등 증권에서!!! 난 미수거래 하려고한적도 없는데 잔고가 마이너스길래 보니까 미수거래된 거였음,, 이렇게 본인도 눈치 못챌정도로 미수거래가 되는건 좀 아니지 않나..이게 제일 화났음. 신용 떨어질까봐. 주식 강제청산당할수도 있고  2. 세금 환급금에 수수료 10퍼나 떼감 >> 국세청 손택스에서 종합소득세, 지방소득세 신고하면 수수료 안떼가고 쉽게 신고할 수 있으니 이렇게 신고하세용!!  3. 거래 수수료가 다른 금융사보다 비쌈",https://apps.apple.com/kr/app/id839333328,2026-07-16
WS3-TO-002,a7500872-ff9f-411e-9842-7f2b8116fee8,토스증권(토스 앱 내),구글플레이(KR),1,2025-07-25,미상,부정(1-2성),C4;C2,"배민처럼 스샷후기 있음 좋겠다 토스증권은 이정도 호가창에 호가창 가격표시, 가격알림 오류등등 이면 금감원등등에 신고 안되나? 진짜 호가창 거지 같고 정보도 제대로 표시, 제공의 의무가 있는데 오류인지 이따위면 신고 가능할거 같은데 최소한 빗썸 수준은 되야한다고 본다 업글하면 더 안좋아져 어제 업글하고 호가창, 대표주가 표시가 서로 안맞고 호가창 대비 가격알림도 안맞고 그냥 감으로 주식할거면 도박을 하지 내가 정보 안맞을때마다 캡쳐해서 모으거든 빨리 개선 안하면 내가 꼭 터트린다 주린이나 주식하는 분들 토스증권은 커뮤니티만 활용하세요 토스증권 오류도 많고 호가창에 최소한의 매도, 매수세 확인(국장만 표시) 가능합니다 물타기나 익절, 손절 타이밍은 감으로 해야하는 수준 지금도 호가창 금액, 대표로 상단 주가 금액이 계속 실시간표기 오류 납니다 이게 급등, 급락시엔 어마어마 한거죠 최근엔 토스에 연동된 회사정보 URL주소 클릭하니 클릭앱 경고⚠️ 광고팝업이 계속떠서 차단했습니다",https://play.google.com/store/apps/details?id=viva.republica.toss&hl=ko,2026-07-16
WS3-TO-003,6bdf9d7c-4086-471d-8c6e-b0a16b313a16,토스증권(토스 앱 내),구글플레이(KR),1,2025-09-11,미상,부정(1-2성),C10;C1,주가창 연동도 느리고 앱도 기능을 많이넣어서 느립니다 열받네요.. 발견 급등 종목 마치 찌라시라도 뿌리듯 한발늦게 알려줘서 주식초보들이 당하기 쉽게 만들고 있습니다 결국 증권사나 주포들의 세력과 결탁해서 하시면 조만간 후회하실겁니다 아무튼 수수료도 비싼데 토스애용해오던 주주로써 열받는 상황들이 자꾸생기네요! 그리고 주가차도 스크롤도 멎같아요.... 제대로 시스템정비부터 하세요!!! 욕심만 많아져가지고!!!,https://play.google.com/store/apps/details?id=viva.republica.toss&hl=ko,2026-07-16
WS3-TO-004,9fe2e661-59c6-4e43-8ff3-44eb1a16dbad,토스증권(토스 앱 내),구글플레이(KR),1,2025-03-03,5.200.5,부정(1-2성),C2;C4,지금 토스증권 해외 주식 호가창에서 가격을 찍고 구매나 판매를 누르고 왼쪽 호가창을 스크롤 아래로 내리면 그대로 멈춰 있어야 하는데 다시 현재 호가창으로 스크롤이 계속 올라옴 차트 탭으로 갔다가 다시 호가창 탭으로 오면 현재 호가창 가격이 보여야 하는데 호가창 위쪽 화면이 보임. 확실히 호가창이 버그나 문제가 있음. 호가창 하나하나에 몇백만원씩 수익이 왔다 갔다 하는데 이것 땜에 손해보면 당신들이 책임질 거임? 이거 정말 심각한 문제임. 이 사람들 어떻게 할려고 앱 관리를 이런 식으로 하는 거임. 이거 정말 큰일 날 사람들이네. 지금 1초가 바쁘니 빨리 수정 완료하시오!! Toss증권 고객센터도 365일 쉬는 시간 없이 고객 응대하시오. 이거 처음도 아니고 자꾸 이러면 Toss 사용 못함 이참에 다른 증권사 앱들을 살펴봐야겠음. 이 사람들아 널린 게 증권사 앱이야. 똑바로 하시오.,https://play.google.com/store/apps/details?id=viva.republica.toss&hl=ko,2026-07-16
WS3-TO-005,99b830f5-68bc-4d8e-9763-771af24454e2,토스증권(토스 앱 내),구글플레이(KR),3,2026-06-29,5.265.0,중립(3성),C4;C13,토스증권 개선 필요합니다 - 추세선 복사 기능좀 넣어주세요. 없을 땐 몰랐지만 기능 생가고 나니 복사 없어서 너무 불편해요 - 실현손익이 아닌 토스증권 내 투자자산의 기간 투자손익 기능도 넣어주세요. 산식이 어렵지 않고 다른 증권사들에도 있는데 왜 토스증권만 없는지 너무 아쉬워요 - 레버리지 종목 분할 할 때 토스증권만 유독 오래 걸리는 이유를 모르겠네요,https://play.google.com/store/apps/details?id=viva.republica.toss&hl=ko,2026-07-16
WS3-TO-006,7e1b78ea-da19-4290-88d4-a61e054b6279,토스증권(토스 앱 내),구글플레이(KR),1,2026-06-04,5.262.0,부정(1-2성),C1;C2,진짜 증권은 따로 만들던가하세요 쓰레기임 그냥 빠른주문? 빠르지도 않음 렉이 미칠듯이 걸려서 심할때는 매수하고도 분명 매수를 했는데 잔고가 안뜨길래 앱껐다 다시키니 잔고에 주문한 종목이 보임 이거보다 더할 때는 아예 매수매도 체결도 안됨 진짜 쓰레기 덩어리임 매매 주로하시는 분들은 키움이나 다른 앱쓰세요 앱이 얼마나 무거운지 10분쓰다보면 버벅이고 완전 종료하고 다시 켜야할 정도에요. 저도 그래서 3달 쓰다가 못참고 키움으로 넘어갔습니다. 수수료 그렇게 빨아갔으면 개선을하던가 사용자 체감상에는 그냥 방치해놓는 거 같아요.,https://play.google.com/store/apps/details?id=viva.republica.toss&hl=ko,2026-07-16
WS3-TO-007,4927c50d-bec8-422f-a3dd-dc6018441856,토스증권(토스 앱 내),구글플레이(KR),3,2025-07-21,5.220.2,중립(3성),C9;C4,"이번에 업데이트 했는데 상당히 불편함 . 뭐 처음 쓰는 거니까 ,어색한 건 이해함. 그러나 차트 문제가 좀 답답함. 과거에는 기본 차트에서 전체 목록을 볼 수 있었지만, 지금은 최대 5년밖에 안 되는 게 답답함. 차트를 따로 자세하게 열어야 차트 전체를 볼 수 있는데.. 토스 특징이 사용자 친화적으로 쉽게 사용할 수 있는 앱이었는데 그걸 왜 뺐는지 이해가 안 감.",https://play.google.com/store/apps/details?id=viva.republica.toss&hl=ko,2026-07-16
WS3-TO-008,58865909-7789-431b-ad82-dac6afdd2e9f,토스증권(토스 앱 내),구글플레이(KR),2,2025-07-02,5.218.2,부정(1-2성),C12;C4,주식초보자가 하기 아주 좋은앱 다만 중기부터는 차트설정 너무 아쉽고 호가가격도 다른 증권사보다 더 비싼가격임.,https://play.google.com/store/apps/details?id=viva.republica.toss&hl=ko,2026-07-16
WS3-TO-009,2ebb6dcb-743b-48cc-9c60-c9c96c49c872,토스증권(토스 앱 내),구글플레이(KR),1,2026-06-30,5.266.0,부정(1-2성),C2,주식같은걸 다룰거면 적어도 시장가에 내놨으면 제깍 팔리고 오류는 적어야하는데 내가 본 증권앱중에서 제일 별로에요. 시장가 그대로 대기중인게 어이없어서 다시눌러주니까 그제서야 되네요? 돈을 이것때문에 대체 몇십을 잃은지 모르겠네 ㅋㅋ 아니 다른 증권앱들은 바로 팔리는데 얘만 진짜 오류가 너무 많아요,https://play.google.com/store/apps/details?id=viva.republica.toss&hl=ko,2026-07-16
WS3-TO-011,ae32e929-7c59-4742-80dc-92c8a2ebdef5,토스증권(토스 앱 내),구글플레이(KR),1,2025-03-19,5.203.0,부정(1-2성),C2,구글리뷰 처음 써봅니다 - 1. 조건 주문 잘 안되는데 왜 만든 건지 2일간 되는 종목이 하나도 없네요 2. 문제 있나 싶어 제거 후 재설치했더니 일절만 조건 걸었는데 설정도 안 했던 손절을 알아서 해주고 3. 매번 버벅대고 4. 금일은 계속 시스터에 문제가 생겼다 계속 오류가 뜨네요 토스 최고,https://play.google.com/store/apps/details?id=viva.republica.toss&hl=ko,2026-07-16
WS3-TO-012,c04cc539-9515-4081-a899-d92e927a312c,토스증권(토스 앱 내),구글플레이(KR),1,2026-06-18,5.264.0,부정(1-2성),C8;C5,진짜 자동 환전 기능 좀 쳐 없애요 미국주식 주문 가능한 만큼 걸었더니 환전 우대 시간도 아닌데 쳐 환전해가지고 손해 욕 나와요 제발 환전 우대 사건 아니면 환전하시겠습니까라는 경고문이라도 쳐 띄워요 진짜로 1543원에 쳐 환전되는데 개빡치게,https://play.google.com/store/apps/details?id=viva.republica.toss&hl=ko,2026-07-16
WS3-TO-013,0d97f166-17bd-4f54-9b0b-61677329e6f5,토스증권(토스 앱 내),구글플레이(KR),1,2026-01-23,5.244.1,부정(1-2성),C9;C2,토스개발자및 관리자분.. 여기서 최근에 주식 사고 팔고 해보셨는지? 호가창과 챠트를 보면서 내 평단가 볼려고 내리면서 빨리 보고 사던지 팔던지 해야되는데...아래로 스크롤 시간이 너무 김... 0.1초라도 빨리판단하고 결정해야되는게 매수매도인데... AI시그널... 거래주의안내...이거보다가 시간 뺏김...젠장 그리고 1월21일 업데이트는 왜또 국내주식 과 아이외주식 보는걸 분리했는지... 아...제발 실 사용자가 빠르고 편하게 쓰도록 그냥좀 놔두세요...진짜 업데이트할때마다 불편한점이 자꾸 생기네요...아...참놔,https://play.google.com/store/apps/details?id=viva.republica.toss&hl=ko,2026-07-16
WS3-TO-014,0a7a93a3-b331-409b-b43e-688ade22de4d,토스증권(토스 앱 내),구글플레이(KR),1,2025-12-08,5.239.2,부정(1-2성),C1,통장과 주식하기 좋아서 너무 편하게 썼어요.. 그런데 어느순간부터 앱이 버벅이고 미국주식 시간에 멈춰서 주식 매도 매수 타이밍을 놓치는 경우가 있어요!!!!!! 제 폰은 갤럭시 s25인데... 뭐가 문제일까요?? 광고가 너무 많아져서 그런거 같기도 하고... ㅜㅜ,https://play.google.com/store/apps/details?id=viva.republica.toss&hl=ko,2026-07-16
WS3-TO-017,4e01c48f-47bb-4277-8870-c3324d07403d,토스증권(토스 앱 내),구글플레이(KR),3,2026-02-25,5.248.1,중립(3성),C1,요즘 인간적으로 증권쪽 너무 느리다 이래서 큰손들이 쓰겠냐 너희가 검색도 쉽고 커뮤니티 연결해서 사용하기에 다른 증권앱에 대비 정말 보기좋거든 근데 요즘 불장이라고 서버가 너무 느려 나도 판매할때 호가가 움직이는거 놓칠까봐 겁이나 한두푼도 하니고 몇십 몇백만원씩 움직이는데 요즘 옮길까도 고민돼,https://play.google.com/store/apps/details?id=viva.republica.toss&hl=ko,2026-07-16
WS3-TO-020,ef7050e3-00b3-46a9-a67c-43204ee91bce,토스증권(토스 앱 내),구글플레이(KR),1,2025-11-22,5.237.0,부정(1-2성),C4;C9,개... 환율차트를 뜬금 왜 보유금이랑 분리해놔서 내가 얼마에 샀고 현재 얼마인지를 한눈에 볼수 없게해둠????????? 탭 누르면서 따로따로 확인해야함 빡쳐서 험한소리나오는 별한개짜리 리뷰 처음 써봄,https://play.google.com/store/apps/details?id=viva.republica.toss&hl=ko,2026-07-16
WS3-TO-024,b3e80070-e3d5-4839-add7-915ef6612219,토스증권(토스 앱 내),구글플레이(KR),3,2025-06-04,5.214.0,중립(3성),C4;C2,"토스증권 쓰는데, 버그가 너무 많네요. 차트 볼 때, 통화 토글은 달러화표시로 되어있는데 지 멋대로 원화로 표시되거나, 조건 주문을 걸 때 지 맘대로 원화로 표시되거나, 내평균단가 선이 사라져 있거나 등등. 그리고 버그는 아니지만 달러하고 원화 토글 하면 그냥 금액 표시만 새로 하면 될 것 같은데 차트 뷰 전체를 새로 그리는 것도 좀 아쉽네요.",https://play.google.com/store/apps/details?id=viva.republica.toss&hl=ko,2026-07-16
WS3-TO-026,deacf3b7-f083-4ee8-8cc0-0ef92de89b6e,토스증권(토스 앱 내),구글플레이(KR),1,2025-04-15,5.207.1,부정(1-2성),C4;C11,토스증권에서 해외주식을 투자할때 받은 배당금에 대한 외국납부세액 증빙을 떼서 5월 종합소득신고 때 국세청에 제출하려고 하는데 그런 기능이 없어 콜센터에 문의하니 거래내역 전체를 pdf로 보내주더군요. (1년 거래 내용이 600장 정도 분량) 국내 해외주식 총거래중 해외주식 배당금 내역 및 수령시 외국으로 원천징수한 세금의 원화환산금액을 발라내서 증빙서로 보내주는게 다른 증권사에서는 대부분 가능한데 왜 토스증권은 안 되는지 모르겠네요. 시정 부탁합니다.,https://play.google.com/store/apps/details?id=viva.republica.toss&hl=ko,2026-07-16
WS3-TO-030,6502e8f9-b252-43f9-9c62-3ab5408bbb2a,토스증권(토스 앱 내),구글플레이(KR),3,2025-09-26,5.230.0,중립(3성),C2;C6,시장가로 살 때 내 금액 안에서만 사게해줘요 자꾸 돈 더 넣으라고해서 타이밍 놓쳐요 그리고 내가 주식을 볼때 어떤 관심종목에 넣었는지 볼 수 있게 해줘요 여러 카테고리로 나눠놨는데 다시 일일히 찾아야해요 봉을 480분봉도 볼 수 있게해줘요,https://play.google.com/store/apps/details?id=viva.republica.toss&hl=ko,2026-07-16
WS3-TO-031,72a51417-74ab-499b-9195-250979678529,토스증권(토스 앱 내),구글플레이(KR),3,2025-08-13,5.223.0,중립(3성),C13;C2,조건 매수 익절매도 동시설정 되듯이 조건매수 손절 설정도 되게 만들어 주세요 예시(10000원 매수 9000원 손절 동시설정) 이런식으로 설정 할수 있게요,https://play.google.com/store/apps/details?id=viva.republica.toss&hl=ko,2026-07-16
WS3-TO-032,340008e8-cce4-4346-b57b-f8d9b53f6980,토스증권(토스 앱 내),구글플레이(KR),1,2025-05-13,미상,부정(1-2성),C1,토스증권 해외주식 장중에 점검을 10분 가량 때려버려서 매도매수 아무것도 안하고 손해봤네요. 뭐 이런 skt같은 경우가. 사과도 없고 사전 안내도 없고 ㅋㅋ참나 아휴,https://play.google.com/store/apps/details?id=viva.republica.toss&hl=ko,2026-07-16
WS3-TO-033,36a2499f-0482-40aa-8233-07a84780c3d2,토스증권(토스 앱 내),구글플레이(KR),1,2025-05-09,5.210.0,부정(1-2성),C5;C4,실망이 많습니다 자기들 이득보려고 배당금도 다른증권보다 늦게주고 수수료도 다른증권보다 많이 내야하고 환율우대는 낮시간때만되고 해외주식종목도 몇개없고 단점 밖에 없네요 다른증권으로 가겠습니다 환율우대도 낮시간때만되고 토스주식 수수료도 좀 낮추세요 너무 비싸요 제발!!!!!!!,https://play.google.com/store/apps/details?id=viva.republica.toss&hl=ko,2026-07-16
WS3-TO-034,14272021990,토스증권(토스 앱 내),애플앱스토어(KR),1,2026-07-06,5.267.0,부정(1-2성),C2;C5,[7월부터 증권 수수료 받아쳐먹으면서] 1분전 매도 걸어놓은 거 1분 후에 안팔리는 이유는? 분봉보면서 체크해봤는데? 뭐 미리 팔려면 하루 전에 걸어놓아야헤? 아님 한달 전에?  왜이렇게 느려? 폰바꿔라 데이터 환경바꿔라 와이파이환경바꿔라 이딴 개소리하겠지?,https://apps.apple.com/kr/app/id839333328,2026-07-16
WS3-TO-035,14167958792,토스증권(토스 앱 내),애플앱스토어(KR),1,2026-06-10,5.263.0,부정(1-2성),C4;C11;C3,"[미장 호가창] 1. 미장 호가창 좀 보이게 해라 다 어두워서 보이는 게 없어 2. 채팅상담 ai 대체 할 거면 왜 만들어놨냐 ? 내가 하고 싶은 질문 못하게 메뉴얼 선택만 있고 지네 편리하게만 해놨음. 니네가 편리해야 하는게 아니라 고객이 편해야 해. 3. 고객센터 상담 전화 연결 2분 잡혔다가 5분 그러다가 9분 상담원 충원을 하던가. 증권은 매1분 1초가 급한데 전화 늦게 받고 지연 시키는 거 사람 죽으란건지? 4. 주식 매도후 원화, 달러 바로 복귀 안되고 증발 하던데 빨리 고쳐라 바로 매수 해야 하는데 꼭 아침에 돈이 증발 한다고!! 5. 원화, 달러 내 통장에 내돈 내가 빼겠다는데 영업일 2일 그딴 거좀 없애 왜 계속 돈 묶어놔 짜증나게 원화도 바로 써야 하는 상황인데, 달러로 묶여 있는 거 안 풀어주고 2일 뒤 이러면 사람 죽어 !!! 6. 그냥 다 교체해 교체",https://apps.apple.com/kr/app/id839333328,2026-07-16
WS3-TO-036,14091119441,토스증권(토스 앱 내),애플앱스토어(KR),3,2026-05-21,5.260.0,중립(3성),C4;C13,[주식알림 개선좀 해주세요] 떨어질때만 알려주고 오를땐 일일이 설정안하면 들어가지 않는 이상 알려주질 않아서 알 수가 없으니 매도 타이밍을 놓치곤합니다.  아니면 설정값 고정이라도 하게해주세요  1회성이니 귀찮아 죽겠어요,https://apps.apple.com/kr/app/id839333328,2026-07-16
WS3-TO-049,02d9febd-25c8-4e36-a9e2-5d3cb205df93,토스증권(토스 앱 내),구글플레이(KR),1,2025-10-25,5.233.1,부정(1-2성),C3;C11,"이자 놀이를 하는지, 줘야 할 배당금을 한참이나 늦게 주고, 그에 대한 그 어떤 후속 조치와 사과도 안한 채 배짱 부리며 계속 반복함. 다른 증권사는 다 주는데 토스증권만 가장 늦게 받은 게 대체 몇 번 째인지 모르겠음. 오늘 백만원 있는 것과 내일 있는 것의 경제적 차이를 아는 사람이라면, 이해할 것임.",https://play.google.com/store/apps/details?id=viva.republica.toss&hl=ko,2026-07-16
WS3-TO-061,14195927049,토스증권(토스 앱 내),애플앱스토어(KR),2,2026-06-17,5.264.0,부정(1-2성),C2,[토스증권 단타치기 편하게 좀] 단타치기 넘 불편해요 안팔려서 대기로 넘어가면 수정 못함 토스 직원들 밤새서 일하느라 이런건 모르나봄 ㅜ 다른 증권사에는 기능 있는데 좀 수정해주쇼,https://apps.apple.com/kr/app/id839333328,2026-07-16
WS3-TO-063,74f418c4-597a-483a-9612-198ca3cf3800,토스증권(토스 앱 내),구글플레이(KR),1,2026-06-30,5.266.0,부정(1-2성),C1;C2,토스증권 매수매도 안되서 잃으면 책임지나요? 매번이런일자주있는데? 소액이면 그나마괜찮은데 크게하시는분들은 틱에 몇십 몇백잃으시던데 렉때문에 매도매수못하면 어떡하나요?한두사람이그런게아니라 대다수가그런데,https://play.google.com/store/apps/details?id=viva.republica.toss&hl=ko,2026-07-16
WS3-TO-064,13b29c04-a361-45bf-8a6a-835e75f2801c,토스증권(토스 앱 내),구글플레이(KR),3,2026-06-21,5.264.0,중립(3성),C2,"다 좋은데, 주식 거래 시간이 너무 오래 걸립니다. 주문 대기중 상태에서 가격, 시간, 수량순으로 우선 배정되는 건 알겠으나 매수나 매매할때 비공개인 상태로 시간이 오래 걸리는 것은 잘 이해가 안 됩니다. 리뷰를 보니 이용자들의 불만도 상당한 듯 합니다.. 대기번호를 알리는 방식이나 잔여 대기 시간 공개 등의 시스템 개선이 필요해보입니다. 주식 특성상 1분 1초가 급한데, 시간 지연이 너무 크면 경쟁 증권사 프리미엄으로 이어집니다. 이외에는 잘 쓰고 있습니다.",https://play.google.com/store/apps/details?id=viva.republica.toss&hl=ko,2026-07-16
WS3-TO-066,3fd89b01-ed6a-453e-8870-3becf926d783,토스증권(토스 앱 내),구글플레이(KR),1,2026-05-09,5.258.1,부정(1-2성),C2;C8,주식 거래하려니까 주문을 넣어도 렉 때문에 안팔리고 주문 씹히고 뭐하는건가요? 사용자가 악용해서 돈 벌었으면 기가막히게 막았을텐데 어닝콜도 제대로 안하고 미수거래를 단순히 빌려주는 돈으로 치부하고 자기들 유리하게는 말 잘하면서 불리하면 입 싹 닫나요?,https://play.google.com/store/apps/details?id=viva.republica.toss&hl=ko,2026-07-16
WS3-TO-067,76758a71-1a82-479a-914a-bb1a112fb93c,토스증권(토스 앱 내),구글플레이(KR),4,2025-12-28,5.242.3,긍정(4-5성),C2;C12,그 미국주식할때 시장가로 예약매도 했는데 체결이 안되어서 손절시 수동으로해야해 잠도 못자고 너무 괴롭습니다. 손실금도 더 커지고 그러니까 조속히 해결해주시면 감사하겠습니다. 토스증권으로 바꾸고 꾸준히 소액이지만 수익중이라서 감사드려요. 위의 사항만 해결해주시면 전혀 불만없으니 답글이랑 업데이트 바랍니다.,https://play.google.com/store/apps/details?id=viva.republica.toss&hl=ko,2026-07-16
WS3-TO-068,4806e78f-68ce-44d9-b482-46659dca1d65,토스증권(토스 앱 내),구글플레이(KR),5,2025-04-16,미상,긍정(4-5성),C13;C3,"안녕하세요. 토스증권을 편리하게 잘 이용하고 있는 이용자입니다. 현재 소수점 주식은 지정가 매수나 매도가 불가능해 계획적인 분할 매수, 익절 전략 등에 제약이 있어 아쉬움이 큽니다. 특히 리밸런싱이 필요한 시점에서 소수점 매도가 지원되지 않는 점은 투자 효율성을 떨어뜨리는 요소로 느껴집니다. 향후 소수점 매도 및 지정가 주문 기능도 제공될 수 있도록 적극 검토 부탁드립니다. 감사합니다.",https://play.google.com/store/apps/details?id=viva.republica.toss&hl=ko,2026-07-16
WS3-TO-069,51fbc6dc-7fc7-48e0-901d-770aa32fa59f,토스증권(토스 앱 내),구글플레이(KR),5,2026-06-09,5.263.1,긍정(4-5성),C4;C12,"며칠전 토스 증권의 뉴스, 커뮤니티 글 등의 알림은 오는데 지정가 알림, 가격변동 알림이 오지않는다고 글을 남겼었습니다. 이전에 가격 변동 알림이 많이 오니 신경이 쓰여서 알림이 오지 않도록 껐다가, 결국은 다시 다 켰었는데 알림이 오지 않더라구요. 관심주식에 하트, 알림 아이콘도 활성화 되어있고 토스 증권 탭-알림 설정에서 모든결 켜놓았는데도 안와서 열심히 뒤적거리다보니, 토스의 메인 홈 탭-알림설정-더보기-꺼진알람 모두보기에서 숨기기 취소(?)를 하는 방법으로 해결하였습니다. 뭔가 토스 증권 탭 알림 설정 자체에서도 설정이 쉽게, 찾기 쉽게 개선이 되면 좋을 것 같아 글을 남깁니다! 글로 써서 잘 전달이 될지 모르겠네요 ㅠ.ㅠ 직관적이고 정보가 쏙쏙 들어오는 UI의 토스 최고입니다!!",https://play.google.com/store/apps/details?id=viva.republica.toss&hl=ko,2026-07-16
WS3-TO-071,92c65f85-a008-475c-92f0-07b4a77ce1e5,토스증권(토스 앱 내),구글플레이(KR),5,2026-02-25,5.248.1,긍정(4-5성),C12;C6,"2022년부터 토스증권 함 , 토스증권 출금완료 뜬뒤 출금해야 미수 안남 주식 수수료 0.5% 거래세 0.5% / ndaq , spgi 두종목 사면 미국주식 전종목 사면서 알아서 위험관리도 다 되고 평생 우상향임 (미국주식 세금 25%) / 미국주식 데이장/애프터장/프리장까지 24시간 거래됨 / WeBull APP으로 마켓 섹터를 봐서 플러스 높은 섹터본뒤 정배열 차트에 오르는 주식 개별주 몇개 분산 장기투자 / 토스증권 복기 결과 내가 미국주식으로 잃는 이유 = 오르다가 떨어질것만 사서. 오를것만 사면 다 수익남 / 2019년 코로나19 폭락장 - 2022년 금리인상 및 우크라이나 전쟁 폭락장 - 2025년 ai버블 폭락장... 3년주기로 폭락장 옴 / 40% 이상 폭등한 주식은 금방 폭락함 / 애플->테슬라->팔란티어->패스틀리...전부 다 NYSE 상장했다가 NASDAQ으로 이전 상장됨",https://play.google.com/store/apps/details?id=viva.republica.toss&hl=ko,2026-07-16
WS3-TO-073,23a6e096-a7ee-4d4e-a4bb-b7ebce9b516b,토스증권(토스 앱 내),구글플레이(KR),5,2025-09-26,5.230.0,긍정(4-5성),C4;C12,"편하게 잘 쓰고 있습니다! 다만, 주식 쪽에 분기별로든 연도 별로든 금액 변동을 볼 수 있는 기능도 있으면 좋을것 같아요. 팔지 않으면 수익으로 잡히지 않다보니, 따로 기록하지 않으면 특정기간에 투자 성적을 알기가 어렵더라구요.. 내가 잘 투자 하고 있는지가 판단하기 어려웠어요.",https://play.google.com/store/apps/details?id=viva.republica.toss&hl=ko,2026-07-16
WS3-TO-076,72f1b1f4-6edc-44ce-8950-f1e2c0e54001,토스증권(토스 앱 내),구글플레이(KR),5,2026-06-12,5.263.1,긍정(4-5성),C12,제가 토스로 처음 주식을 시작했는데 보기가 너무 편해서 생각보다 쉬었던거 같고 좋습니다. 그리고 다른 송금이나 이런거 에서도 수수료 없는게 너무 좋습니다. 근데 포인트 미션은 않하는게 더 좋을 정도로 별로에요.,https://play.google.com/store/apps/details?id=viva.republica.toss&hl=ko,2026-07-16
WS3-TO-079,4ae8477b-77d8-46e0-b5b5-2bb95abfcd03,토스증권(토스 앱 내),구글플레이(KR),5,2025-12-27,5.242.3,긍정(4-5성),C12,"수수료 무료부터 여러가지 기능들과 쇼핑까지... 그냥 완벽하지만 그중에서도 모의주식투자 기능이 진짜 좋은 거 같아요. 실제로 있는 기업들만 모아놓고 간단한 회사 소개부터 실시간 주가 변경, 시장 시간도 현실과 같은 디테일까지... 처음 주식에 투자하는 사람은 쓰기 정말 편리하게 만든 것 같습니다. 정말 만족합니다.",https://play.google.com/store/apps/details?id=viva.republica.toss&hl=ko,2026-07-16
WS3-TO-081,5fa2e0af-ccb0-49ab-a680-b6d7c8bc4daf,토스증권(토스 앱 내),구글플레이(KR),5,2025-04-17,5.207.2,긍정(4-5성),C12;C13,처음 토스증권으로 시작한 주식 잘하고있습니다 하지만 사용하는도중 조금 불편한 점이 있는데요 미국주식중 몇십원씩 하는 주식들은 0.00x달러차이도 가격 변동성이 큰데 알람을 받을때 최소단위가 0.001이라 알람을 받을때 받지못하는 경우가 있습니다 이런경우 달러가격으로도 알람을 받을수있게 해주시면 정말 토스증권을 이용하는데 도움이될것 같습니다,https://play.google.com/store/apps/details?id=viva.republica.toss&hl=ko,2026-07-16
WS3-TO-085,a37c8421-563f-40fc-9b1c-5ecadf9b04e5,토스증권(토스 앱 내),구글플레이(KR),5,2026-07-08,5.267.1,긍정(4-5성),C12;C13,토스 증권 부분 너무 편해서 사용하기 좋습니다 요새 pc로도 보기 시작했는데요 모바일과 동일한 그래프를 pc에서도 표시 해주실 수 없는지 여쭤봅니다 물론 자세한 부분을 보는것은 현 pc부분이 옳겠으나 저같은 주린이에겐 너무 어렵네요 모바일 부분이 당일 추이를 보기에 너무 잘 되어 있어 모바일 그래프도 pc에서 볼수 있으면 더할 나위 없을듯 합니다,https://play.google.com/store/apps/details?id=viva.republica.toss&hl=ko,2026-07-16
WS3-TO-086,f53eaa95-9a31-4976-934a-bd536d7767a9,토스증권(토스 앱 내),구글플레이(KR),4,2026-06-06,5.262.0,긍정(4-5성),C10;C13,주식을 토스 증권으로 입문하여 사용하고 있는 이용자인데 건의 드리고자 합니다. 커뮤니티 공간을 해당주식을 보유한 사람만 글을 작성할수 있도록 해주셨으면 합니다. 주식을 보유하지도 않은 사람들이 잘못된 정보를 올리고 패닉셀을 조장하고 조롱성 글을 쓰는 경우가 허다하여 부정적인 효과가 더 큰것 같습니다. 같은 주식을 보유한 주주들끼리 건전한 소통의 공간으로 만들어주시길 부탁드립니다.,https://play.google.com/store/apps/details?id=viva.republica.toss&hl=ko,2026-07-16
